symbol,filing_time,n_sentences,n_actions,n_sentences_topic_cluster_total,n_actions_topic_cluster_total,n_sentences_topic_pillar_total,n_actions_topic_pillar_total,n_sentences_topic_cluster_environmental_regulation,n_actions_topic_cluster_environmental_regulation,n_sentences_topic_cluster_customer_orientation,n_actions_topic_cluster_customer_orientation,n_sentences_topic_cluster_shareholder_affiliation,n_actions_topic_cluster_shareholder_affiliation,n_sentences_topic_cluster_hiring_employees,n_actions_topic_cluster_hiring_employees,n_sentences_topic_cluster_natural_disaster,n_actions_topic_cluster_natural_disaster,n_sentences_topic_cluster_litigation,n_actions_topic_cluster_litigation,n_sentences_topic_cluster_carbon_emissions,n_actions_topic_cluster_carbon_emissions,n_sentences_topic_cluster_labor_issues,n_actions_topic_cluster_labor_issues,n_sentences_topic_cluster_supply_chain_problems,n_actions_topic_cluster_supply_chain_problems,n_sentences_topic_cluster_taxes,n_actions_topic_cluster_taxes,n_sentences_topic_pillar_environmental,n_actions_topic_pillar_environmental,n_sentences_topic_pillar_social,n_actions_topic_pillar_social,n_sentences_topic_pillar_governance,n_actions_topic_pillar_governance
abml,2013-12-01,135,15,96,14,29,4,7,0,35,3,24,3,6,2,3,1,5,1,1,0,1,0,10,2,4,2,15,2,7,2,7,0
abml,2015-01-01,111,13,83,9,26,4,5,0,28,1,24,3,7,2,3,1,6,1,1,0,1,0,6,0,2,1,13,2,6,2,7,0
abml,2015-12-01,1,0,0,0,0,0,0,0,0,0,0,0,0,0,0,0,0,0,0,0,0,0,0,0,0,0,0,0,0,0,0,0
abml,2016-12-01,1,0,0,0,0,0,0,0,0,0,0,0,0,0,0,0,0,0,0,0,0,0,0,0,0,0,0,0,0,0,0,0
abml,2018-01-01,1,1,0,0,0,0,0,0,0,0,0,0,0,0,0,0,0,0,0,0,0,0,0,0,0,0,0,0,0,0,0,0
abml,2018-12-01,1,1,0,0,0,0,0,0,0,0,0,0,0,0,0,0,0,0,0,0,0,0,0,0,0,0,0,0,0,0,0,0
abml,2019-12-01,1,1,0,0,0,0,0,0,0,0,0,0,0,0,0,0,0,0,0,0,0,0,0,0,0,0,0,0,0,0,0,0
abml,2021-10-01,1,1,0,0,0,0,0,0,0,0,0,0,0,0,0,0,0,0,0,0,0,0,0,0,0,0,0,0,0,0,0,0
abml,2022-09-01,1,1,0,0,0,0,0,0,0,0,0,0,0,0,0,0,0,0,0,0,0,0,0,0,0,0,0,0,0,0,0,0
amr,2019-04-01,544,56,667,54,245,27,97,19,186,5,74,9,12,1,21,1,53,4,68,5,16,1,109,7,31,2,123,12,84,12,38,3
amr,2020-03-01,532,57,652,57,234,21,83,10,190,12,79,18,14,2,20,0,50,4,64,2,15,1,104,5,33,3,114,6,87,13,33,2
amr,2021-03-01,538,54,706,57,271,25,105,13,193,8,74,12,16,3,27,1,52,4,73,4,18,1,117,8,31,3,135,9,101,13,35,3
amr,2022-03-01,510,47,676,47,269,19,102,11,183,8,72,9,18,3,28,0,55,2,64,4,17,0,108,6,29,4,130,6,105,10,34,3
arch,2006-03-01,180,24,191,13,66,10,19,1,61,4,8,1,7,2,7,0,15,0,20,1,6,0,44,4,4,0,34,3,28,6,4,1
arch,2007-03-01,153,27,141,14,44,8,17,1,46,4,7,2,3,1,6,0,13,0,14,2,4,0,27,4,4,0,24,4,17,4,3,0
arch,2008-02-01,150,28,157,14,46,8,22,1,51,5,5,1,3,1,8,0,13,0,17,2,4,0,30,4,4,0,25,4,17,4,4,0
arch,2009-02-01,260,33,295,22,100,9,40,2,88,9,12,0,4,1,9,0,17,1,47,2,5,0,70,7,3,0,70,4,27,5,3,0
arch,2010-03-01,282,33,326,22,106,9,46,2,100,9,14,0,3,0,9,0,21,2,51,2,3,0,73,7,6,0,75,4,24,5,7,0
arch,2011-03-01,244,33,289,25,97,10,45,4,86,8,11,0,1,0,7,0,24,4,45,2,2,0,60,7,8,0,64,5,27,5,6,0
arch,2012-02-01,273,34,307,24,106,9,46,4,94,8,14,0,2,0,7,0,25,4,45,2,3,0,64,6,7,0,68,4,30,5,8,0
arch,2013-03-01,265,34,304,28,97,11,48,4,99,11,14,0,1,0,6,0,25,4,44,2,3,1,57,6,7,0,62,5,29,6,6,0
arch,2014-02-01,258,33,299,26,94,10,48,4,98,10,13,0,1,0,6,0,24,4,43,2,3,1,56,5,7,0,61,4,27,6,6,0
arch,2015-02-01,264,34,310,30,102,12,48,4,99,11,14,0,1,0,6,0,29,5,43,2,3,1,60,7,7,0,65,6,30,6,7,0
arch,2016-03-01,341,39,416,37,158,15,68,6,121,12,38,2,6,0,9,0,37,6,57,2,3,1,68,7,9,1,89,7,58,7,11,1
arch,2017-02-01,293,34,375,32,132,10,59,3,113,12,20,2,6,0,10,0,32,4,55,2,3,1,65,8,12,0,86,5,35,5,11,0
arch,2018-02-01,302,38,387,37,145,13,71,6,105,10,19,2,5,0,10,0,30,3,60,4,3,1,65,8,19,3,90,7,38,4,17,2
arch,2019-02-01,343,37,457,41,187,15,86,7,116,10,22,2,5,0,14,0,38,3,72,5,5,1,73,8,26,5,110,8,51,4,26,3
arch,2020-02-01,353,37,481,45,189,18,85,8,119,9,33,3,5,0,18,1,37,3,72,6,5,1,77,8,30,6,108,9,55,5,26,4
arch,2021-02-01,364,32,475,42,191,17,87,8,119,10,24,2,4,0,21,0,33,3,78,6,6,0,84,10,19,3,113,9,60,5,18,3
arch,2022-02-01,376,39,495,47,201,22,101,12,119,9,21,3,7,0,20,0,36,3,80,7,4,0,88,10,19,3,119,11,64,7,18,4
arlp,2006-03-01,278,21,275,27,104,8,33,4,69,5,17,4,6,0,8,1,18,1,23,4,7,0,47,2,47,6,44,4,33,3,27,1
arlp,2007-03-01,340,25,368,34,119,7,30,4,98,8,66,8,8,0,8,1,20,1,21,2,8,0,43,2,66,8,43,2,37,4,39,1
arlp,2008-02-01,331,28,366,36,125,14,31,4,95,8,66,6,9,0,4,0,21,2,17,2,8,0,42,3,73,11,39,3,36,5,50,6
arlp,2009-03-01,352,26,398,32,138,15,41,5,103,5,64,5,9,0,6,0,22,2,28,2,9,0,47,3,69,10,52,4,37,5,49,6
arlp,2010-02-01,386,35,465,48,165,22,60,11,106,5,72,6,9,0,10,0,33,6,39,6,9,0,51,3,76,11,65,9,48,6,52,7
arlp,2011-02-01,360,33,431,47,151,23,47,7,104,6,71,9,14,3,7,0,26,4,31,1,9,0,49,4,73,13,53,4,48,10,50,9
arlp,2012-02-01,370,34,445,47,162,22,52,8,105,6,71,9,13,3,8,0,28,3,33,2,10,0,51,3,74,13,59,5,50,8,53,9
arlp,2013-03-01,392,36,467,49,172,24,55,9,103,6,78,9,13,3,9,0,29,3,34,3,10,0,52,3,84,13,63,6,48,8,61,10
arlp,2014-02-01,397,38,509,53,181,26,56,10,116,7,92,10,13,3,7,0,30,2,36,4,9,0,58,3,92,14,65,6,51,9,65,11
arlp,2015-02-01,383,36,460,46,166,22,56,9,101,5,76,9,12,3,7,0,26,2,41,3,7,0,52,3,82,12,60,4,45,7,61,11
arlp,2016-02-01,443,40,576,50,219,25,70,8,122,6,97,11,10,3,14,0,32,2,61,3,6,0,64,3,100,14,85,3,60,9,74,13
arlp,2017-02-01,429,42,521,51,199,20,64,8,108,6,83,11,8,3,16,1,30,2,55,3,6,0,58,4,93,13,76,3,53,7,70,10
arlp,2018-02-01,432,48,532,69,200,27,67,13,109,7,89,15,8,3,15,1,35,3,49,4,7,0,59,5,94,18,74,5,51,9,75,13
arlp,2019-02-01,468,54,617,85,234,33,90,16,129,10,90,14,8,2,15,1,37,4,63,9,7,0,80,9,98,20,92,8,66,10,76,15
arlp,2020-02-01,550,53,706,71,275,29,110,11,160,12,95,12,8,2,22,2,53,2,64,4,6,0,91,8,97,18,120,8,85,9,70,12
arlp,2021-02-01,579,58,742,75,304,32,116,13,161,12,96,13,8,2,31,1,58,2,72,5,9,1,91,8,100,18,136,9,92,10,76,13
arlp,2022-02-01,612,63,789,80,329,35,121,14,168,12,102,16,13,2,30,1,58,2,80,5,13,1,107,8,97,19,154,11,98,11,77,13
aumn,2006-03-01,209,25,133,12,58,4,18,3,36,3,18,2,9,1,2,0,10,1,7,2,0,0,15,0,18,0,22,3,13,1,23,0
aumn,2007-04-01,251,27,170,10,85,3,22,1,43,2,18,2,6,0,6,0,17,3,11,1,1,0,26,1,20,0,33,2,26,1,26,0
aumn,2008-02-01,252,31,139,12,69,3,16,1,33,2,17,3,7,1,3,0,16,3,8,1,1,0,24,1,14,0,25,2,26,1,18,0
aumn,2009-03-01,177,24,149,14,60,7,10,1,39,2,29,2,12,2,3,0,17,4,4,1,4,0,15,1,16,1,21,3,18,3,21,1
aumn,2010-03-01,133,17,113,11,56,5,14,1,24,1,14,3,8,2,6,0,11,2,9,1,1,0,19,0,7,1,27,2,20,3,9,0
aumn,2011-02-01,112,16,101,11,55,7,19,3,18,0,10,0,8,2,4,0,8,1,10,1,0,0,20,3,4,1,30,4,16,2,9,1
aumn,2012-03-01,217,37,203,24,90,9,41,5,38,6,20,4,7,2,8,1,24,1,19,2,6,0,32,2,8,1,52,5,33,4,5,0
aumn,2013-03-01,212,34,186,20,84,4,36,5,33,4,24,6,6,2,8,0,20,1,15,0,6,0,29,1,9,1,48,3,31,1,5,0
aumn,2014-02-01,219,29,201,22,95,10,39,5,33,3,20,5,6,2,11,0,25,2,19,0,7,1,27,3,14,1,52,4,36,4,7,2
aumn,2015-02-01,236,38,207,18,101,11,39,5,30,1,19,2,6,2,10,0,28,2,18,0,8,2,32,3,17,1,54,4,36,5,11,2
aumn,2016-02-01,280,38,229,16,109,9,42,5,38,1,32,2,7,2,11,0,28,2,16,0,6,0,34,3,15,1,56,4,41,3,12,2
aumn,2017-02-01,248,35,205,13,105,7,43,5,37,1,19,0,6,2,11,0,25,2,16,0,6,0,34,3,8,0,57,3,37,2,11,2
aumn,2018-03-01,207,34,161,10,86,3,40,4,27,1,12,0,4,1,9,0,24,2,13,0,1,0,25,2,6,0,45,2,33,1,8,0
aumn,2019-02-01,234,34,190,13,104,7,42,5,35,1,18,1,6,2,10,0,25,2,13,0,6,0,28,2,7,0,53,3,39,2,12,2
aumn,2020-02-01,221,32,181,13,105,7,40,5,34,1,15,1,6,2,9,0,23,2,13,0,6,0,28,2,7,0,53,3,39,2,13,2
aumn,2021-02-01,255,41,197,15,117,7,39,3,38,4,18,3,7,2,18,0,19,0,14,0,9,0,30,3,5,0,58,1,40,3,19,3
aumn,2022-03-01,321,41,253,15,138,7,42,1,57,5,22,5,12,1,23,0,18,0,17,0,11,0,49,3,2,0,70,2,52,2,16,3
bmix,2013-04-01,1,0,0,0,0,0,0,0,0,0,0,0,0,0,0,0,0,0,0,0,0,0,0,0,0,0,0,0,0,0,0,0
bmix,2014-04-01,79,7,64,5,16,1,1,0,36,2,17,2,1,0,0,0,0,0,0,0,0,0,4,0,5,1,2,0,7,0,7,1
bmix,2015-04-01,59,6,46,1,18,0,2,0,20,1,16,0,1,0,0,0,0,0,0,0,0,0,3,0,4,0,5,0,5,0,8,0
bmix,2016-04-01,62,7,49,3,18,0,4,1,21,2,16,0,1,0,0,0,0,0,0,0,0,0,4,0,3,0,4,0,5,0,9,0
bmix,2017-06-01,56,4,43,1,17,0,3,0,18,1,15,0,1,0,0,0,1,0,0,0,0,0,2,0,3,0,3,0,4,0,10,0
bmix,2018-04-01,55,4,43,1,17,0,4,0,17,1,15,0,1,0,0,0,0,0,0,0,0,0,3,0,3,0,4,0,4,0,9,0
bmix,2019-04-01,55,4,43,1,17,0,4,0,17,1,15,0,1,0,0,0,0,0,0,0,0,0,3,0,3,0,4,0,4,0,9,0
bmix,2020-04-01,55,4,43,1,17,0,4,0,17,1,15,0,1,0,0,0,0,0,0,0,0,0,3,0,3,0,4,0,4,0,9,0
bmix,2021-03-01,49,3,40,1,15,0,3,0,16,1,15,0,1,0,0,0,0,0,0,0,0,0,2,0,3,0,2,0,4,0,9,0
bmix,2022-03-01,235,18,216,16,92,4,33,2,62,5,46,5,11,1,3,0,20,1,10,0,1,0,22,1,8,1,27,1,34,1,31,2
btu,2006-03-01,184,20,159,16,69,7,16,2,39,2,13,1,8,1,5,1,7,0,10,2,29,5,31,2,1,0,24,2,42,5,3,0
btu,2007-02-01,231,28,206,26,90,11,18,2,46,4,24,3,9,1,5,1,16,2,12,4,34,3,39,6,3,0,31,4,53,6,6,1
btu,2008-02-01,261,26,251,26,101,9,26,2,65,6,28,3,8,0,9,1,21,2,19,4,27,3,44,5,4,0,43,4,54,5,4,0
btu,2009-02-01,231,24,224,24,81,9,22,2,71,7,26,3,7,0,8,1,18,3,15,3,12,2,41,3,4,0,36,3,42,6,3,0
btu,2010-02-01,226,31,208,30,78,12,22,3,62,7,30,3,6,0,3,0,17,3,17,5,10,2,37,7,4,0,36,7,39,5,3,0
btu,2011-02-01,228,33,215,30,86,12,22,3,66,7,32,3,6,0,5,0,15,2,17,5,11,2,36,8,5,0,37,7,44,5,5,0
btu,2012-02-01,236,31,217,23,85,9,24,2,72,6,31,3,7,1,5,0,15,2,14,2,11,2,32,5,6,0,33,4,43,4,9,1
btu,2013-02-01,242,30,228,22,86,7,24,2,76,6,29,2,7,1,5,0,17,2,15,2,11,2,36,5,8,0,34,4,44,3,8,0
btu,2014-02-01,254,32,249,25,102,10,25,2,77,6,36,3,6,0,5,0,22,3,17,2,12,3,39,6,10,0,41,5,51,5,10,0
btu,2015-02-01,268,36,272,33,117,14,27,3,82,7,40,5,7,1,5,0,23,4,18,2,13,4,40,7,17,0,43,6,58,8,16,0
btu,2016-03-01,392,54,381,46,167,13,41,3,118,15,54,9,12,2,6,0,32,4,28,2,12,3,56,8,22,0,68,7,75,6,24,0
btu,2017-03-01,442,41,420,39,171,11,41,4,129,13,71,7,10,0,6,0,40,3,29,2,8,0,58,9,28,1,65,8,71,2,35,1
btu,2018-02-01,351,39,360,35,149,14,41,4,113,10,43,5,9,0,5,0,31,3,30,3,8,0,59,10,21,0,62,9,59,3,28,2
btu,2019-02-01,390,45,407,38,178,16,53,4,122,9,44,5,9,0,9,2,34,3,38,4,8,0,62,11,28,0,73,9,73,5,32,2
btu,2020-02-01,387,46,423,38,180,18,52,6,118,8,54,7,9,0,7,0,33,2,42,4,11,1,67,10,30,0,77,10,74,7,29,1
btu,2021-02-01,311,34,355,31,165,19,52,6,85,5,47,5,3,0,15,0,26,3,37,4,12,1,58,7,20,0,72,10,70,8,23,1
btu,2022-02-01,291,22,352,24,182,18,50,5,83,2,47,2,4,1,12,0,24,3,37,3,11,0,63,8,21,0,86,9,75,8,21,1
cde,2006-03-01,176,34,115,13,54,9,22,2,30,4,7,3,0,0,5,1,10,1,12,0,6,2,19,0,4,0,29,5,19,4,6,0
cde,2007-02-01,216,36,153,15,51,5,23,1,35,4,12,4,0,0,6,0,33,6,14,0,4,0,21,0,5,0,30,4,16,1,5,0
cde,2008-02-01,303,32,237,13,99,4,40,2,53,4,22,3,3,0,6,0,37,2,24,1,5,0,37,1,10,0,52,4,36,0,11,0
cde,2009-03-01,268,24,253,20,105,7,40,1,65,7,33,6,3,0,6,0,28,0,24,2,5,0,36,2,13,2,52,4,39,1,14,2
cde,2010-02-01,242,22,228,15,94,8,41,2,53,4,28,4,3,0,6,0,25,0,25,2,5,0,33,2,9,1,50,5,30,1,14,2
cde,2011-03-01,176,8,174,7,80,1,29,1,46,3,14,3,2,0,6,0,19,0,18,0,4,0,28,0,8,0,42,1,27,0,11,0
cde,2012-02-01,201,14,183,7,84,3,30,2,45,2,16,2,2,0,6,0,24,0,18,0,4,1,29,0,9,0,43,2,28,1,13,0
cde,2013-02-01,239,22,209,6,87,2,33,1,51,2,20,1,1,0,9,0,25,0,21,0,10,2,30,0,9,0,45,1,30,1,12,0
cde,2014-02-01,272,27,235,16,101,6,40,3,58,3,25,5,2,0,10,1,25,2,22,0,10,1,33,1,10,0,53,3,37,3,11,0
cde,2015-02-01,296,21,278,13,109,4,42,3,57,2,34,4,6,0,11,1,39,1,22,0,10,1,42,1,15,0,52,2,41,2,16,0
cde,2016-02-01,303,27,285,16,125,7,45,3,56,3,33,4,6,0,15,1,43,1,21,0,11,1,43,3,12,0,60,4,51,3,14,0
cde,2017-02-01,285,26,286,21,122,7,44,3,57,5,37,5,8,1,14,1,41,1,20,0,13,2,38,3,14,0,55,3,50,3,17,1
cde,2018-02-01,272,21,279,19,128,6,45,2,53,5,33,4,8,1,14,1,39,1,22,0,12,2,39,3,14,0,55,2,54,3,19,1
cde,2019-02-01,268,19,314,21,153,7,47,2,64,6,35,4,7,1,20,1,39,1,24,1,11,1,52,4,15,0,71,3,62,3,20,1
cde,2020-02-01,305,27,350,32,173,10,51,2,69,9,34,5,6,1,27,2,42,1,26,1,12,1,61,9,22,1,78,4,71,5,24,1
cde,2021-02-01,345,40,409,47,214,21,60,5,76,12,37,4,6,1,32,2,45,3,29,4,19,2,73,13,32,1,92,9,88,11,34,1
cde,2022-02-01,329,39,403,46,209,19,60,5,73,12,34,4,5,1,31,2,48,4,28,3,14,1,72,12,38,2,97,9,81,9,31,1
ceix,2018-02-01,593,65,693,67,269,25,83,11,181,15,105,12,17,2,21,1,60,4,68,5,17,3,101,12,40,2,123,12,107,9,39,4
ceix,2019-02-01,477,46,578,42,216,15,64,4,148,9,86,9,13,1,24,1,53,4,53,2,12,1,84,9,41,2,99,7,86,5,31,3
ceix,2020-02-01,475,44,564,37,217,14,62,4,160,10,73,5,13,1,22,1,48,3,54,3,12,0,92,10,28,0,100,8,83,3,34,3
ceix,2021-02-01,480,43,560,39,225,17,66,3,166,10,61,4,15,2,25,1,44,2,54,3,12,1,100,12,17,1,111,9,85,5,29,3
ceix,2022-02-01,517,52,631,51,253,26,74,3,183,12,71,6,24,3,29,2,47,2,64,8,15,2,106,13,18,0,122,14,98,9,33,3
cmp,2006-02-01,190,37,187,38,85,17,25,10,53,7,33,7,7,1,6,0,13,3,11,1,6,0,30,7,3,2,39,10,32,7,14,0
cmp,2007-02-01,189,32,183,30,87,14,26,8,54,8,22,3,7,1,10,0,16,3,10,1,8,0,29,6,1,0,39,8,35,6,13,0
cmp,2008-02-01,222,36,227,34,99,14,30,9,65,9,23,3,8,2,14,0,20,3,12,0,9,0,43,8,3,0,48,7,39,7,12,0
cmp,2009-02-01,233,38,237,37,101,16,29,10,71,9,25,3,8,2,14,0,20,3,13,1,8,0,46,9,3,0,49,8,41,8,11,0
cmp,2010-02-01,278,48,273,47,109,18,35,13,80,8,25,3,9,2,10,1,24,6,16,3,9,0,53,9,12,2,49,9,40,8,20,1
cmp,2011-02-01,293,49,292,49,114,19,35,12,84,8,29,5,8,2,10,1,23,5,18,3,13,2,58,8,14,3,53,10,40,8,21,1
cmp,2012-02-01,332,52,331,50,141,19,38,11,94,8,32,5,8,2,11,0,29,5,19,2,21,2,62,10,17,5,56,8,52,8,33,3
cmp,2013-02-01,361,63,353,53,149,21,40,11,100,9,35,6,8,2,12,0,30,6,21,2,20,2,67,9,20,6,59,8,55,9,35,4
cmp,2014-02-01,347,67,334,54,141,23,35,11,100,11,33,7,8,2,13,0,27,6,20,1,11,1,67,8,20,7,58,8,47,8,36,7
cmp,2015-02-01,319,59,319,50,133,24,35,11,96,9,32,7,8,2,11,0,27,6,18,1,11,1,62,6,19,7,54,8,47,9,32,7
cmp,2016-02-01,300,52,311,45,117,16,31,9,95,9,33,5,9,2,11,0,26,6,16,1,9,1,61,8,20,4,50,6,38,6,29,4
cmp,2017-03-01,330,36,381,33,141,13,42,4,122,11,36,3,8,0,16,0,28,1,25,3,9,0,77,9,18,2,71,6,50,4,20,3
cmp,2018-02-01,355,38,405,34,153,14,44,3,131,12,39,4,8,0,16,0,30,1,25,3,6,0,83,9,23,2,77,6,53,5,23,3
cmp,2019-03-01,366,42,432,43,165,17,47,3,134,12,45,8,13,2,17,0,34,1,25,3,8,1,85,10,24,3,79,7,59,5,27,5
cmp,2020-02-01,369,40,441,44,172,18,52,4,133,12,44,8,10,1,17,0,36,2,28,3,8,1,88,10,25,3,83,7,64,7,25,4
cmp,2021-02-01,402,41,503,47,201,19,56,3,153,14,50,8,10,1,28,0,37,2,32,4,10,1,100,11,27,3,92,8,79,7,30,4
fcx,2006-03-01,140,16,64,7,39,6,10,3,12,1,7,0,0,0,11,1,6,0,3,1,5,0,6,1,4,0,20,4,13,1,6,1
fcx,2007-02-01,218,29,148,17,65,11,11,5,43,4,29,3,5,0,14,2,8,0,6,1,9,1,18,1,5,0,33,6,23,3,9,2
fcx,2008-02-01,297,38,230,18,129,12,34,5,39,0,22,2,5,0,18,1,17,2,30,3,14,2,48,3,3,0,79,7,37,3,13,2
fcx,2009-02-01,348,50,253,36,145,19,48,13,42,1,24,1,6,1,21,3,23,4,29,5,12,2,45,5,3,1,87,15,41,3,17,1
fcx,2010-02-01,409,66,310,45,167,29,62,16,44,0,29,2,6,1,20,3,28,5,44,7,18,4,54,6,5,1,101,18,48,10,18,1
fcx,2011-02-01,408,70,334,58,172,34,66,19,40,0,30,2,6,1,19,2,29,5,51,13,21,4,60,9,12,3,105,21,48,11,19,2
fcx,2012-02-01,418,78,348,67,188,45,66,18,41,1,26,3,6,1,18,2,31,8,55,9,35,16,59,6,11,3,103,21,66,22,19,2
fcx,2013-02-01,392,59,362,39,193,30,67,13,49,0,33,1,7,1,23,1,40,5,57,9,21,3,62,5,3,1,111,17,65,11,17,2
fcx,2014-02-01,420,66,453,45,237,32,101,14,58,2,30,1,8,1,26,1,37,3,82,9,22,4,82,8,7,2,136,20,78,11,23,1
fcx,2015-02-01,321,45,342,30,193,19,68,5,44,2,26,3,3,0,25,1,26,2,57,4,20,4,66,7,7,2,108,12,65,6,20,1
fcx,2016-02-01,357,56,361,44,199,29,76,9,51,6,31,6,2,0,27,2,29,4,59,4,17,3,62,8,7,2,111,17,67,10,21,2
fcx,2017-02-01,322,53,331,49,187,37,74,14,40,3,32,5,2,0,19,1,33,3,53,10,17,0,54,10,7,3,102,24,68,11,17,2
fcx,2018-02-01,347,69,368,74,213,56,91,23,42,6,40,10,2,0,25,2,39,7,53,13,18,2,50,8,8,3,112,32,80,20,21,4
fcx,2019-02-01,398,63,397,56,228,40,97,17,52,5,37,2,3,0,31,5,40,5,48,8,17,1,64,11,8,2,127,24,84,16,17,0
fcx,2020-02-01,406,60,401,53,228,43,88,14,50,4,32,1,3,0,37,3,39,4,50,9,16,0,75,15,11,3,127,25,84,17,17,1
fcx,2021-02-01,529,78,547,70,336,64,125,21,65,5,54,1,4,0,53,7,50,4,66,13,24,2,92,14,14,3,180,36,130,25,26,3
fcx,2022-02-01,469,62,496,56,327,51,90,16,68,3,51,3,10,0,50,4,45,6,51,8,24,2,90,11,17,3,164,26,133,20,30,5
gato,2021-03-01,24,2,31,1,9,0,0,0,11,0,8,1,1,0,1,0,1,0,1,0,0,0,8,0,0,0,7,0,1,0,1,0
hcc,2018-02-01,605,65,719,57,310,26,95,7,187,12,122,8,22,2,20,1,69,2,41,4,21,3,93,13,49,5,106,8,135,13,69,5
hcc,2019-02-01,591,58,694,51,287,20,92,5,185,12,106,5,20,2,21,1,70,3,41,3,20,3,94,13,45,4,104,6,128,12,55,2
hcc,2020-02-01,617,64,735,57,298,27,99,6,199,13,108,7,19,2,23,1,76,3,41,3,20,3,104,14,46,5,113,7,131,15,54,5
hcc,2021-02-01,640,56,807,49,348,28,126,6,212,11,100,5,14,1,41,1,73,1,49,4,24,3,125,14,43,3,148,10,148,14,52,4
hcc,2022-02-01,658,65,839,60,368,36,133,9,213,13,100,6,20,2,41,1,74,2,58,7,25,3,126,14,49,3,150,13,159,19,59,4
hl,2006-03-01,152,22,131,17,50,4,24,1,35,6,12,4,5,1,4,1,11,2,10,0,6,1,20,1,4,0,28,1,16,2,6,1
hl,2007-03-01,152,21,125,15,49,5,23,1,35,5,11,4,5,1,4,1,11,2,10,0,2,0,20,1,4,0,28,2,16,2,5,1
hl,2008-02-01,188,26,148,17,59,6,22,1,42,6,22,5,5,1,4,1,10,1,10,0,3,1,20,1,10,0,29,2,17,3,13,1
hl,2009-03-01,300,49,218,29,90,10,24,1,66,12,49,11,6,2,7,1,16,2,11,0,4,0,24,0,11,0,41,4,28,4,21,2
hl,2010-02-01,228,27,187,19,74,4,27,3,54,6,34,4,5,1,7,1,11,3,13,0,2,0,24,1,10,0,40,1,17,2,17,1
hl,2011-02-01,277,35,240,29,100,7,33,1,64,11,36,5,7,3,8,0,29,3,17,0,8,3,26,2,12,1,52,2,32,4,16,1
hl,2012-02-01,323,43,283,35,124,13,44,2,72,14,37,6,10,4,13,0,31,3,19,0,7,3,36,2,14,1,60,4,39,6,25,3
hl,2013-02-01,292,36,260,30,112,10,40,2,65,11,29,5,9,3,17,2,33,2,15,0,6,3,32,1,14,1,54,2,36,5,22,3
hl,2014-02-01,420,40,336,31,144,11,45,2,80,12,60,5,13,3,16,1,47,2,14,0,6,3,37,2,18,1,63,3,52,5,29,3
hl,2015-02-01,375,36,315,28,147,11,43,2,75,11,60,4,13,3,13,2,37,3,15,0,5,2,38,1,16,0,65,3,52,5,30,3
hl,2016-02-01,381,32,323,21,157,14,47,2,75,9,57,4,12,1,15,1,39,3,17,0,5,0,40,1,16,0,72,6,55,5,30,3
hl,2017-02-01,419,38,401,31,194,18,67,5,84,11,65,4,12,1,22,3,59,4,27,0,6,0,43,3,16,0,88,9,74,6,32,3
hl,2018-02-01,449,43,427,36,208,20,78,9,82,10,69,5,12,1,22,3,62,5,27,0,14,1,44,2,17,0,95,7,81,9,32,4
hl,2019-02-01,487,38,440,26,214,12,76,3,91,10,67,4,11,1,23,2,65,4,25,0,11,0,52,2,19,0,101,5,81,4,32,3
hl,2020-02-01,532,47,479,31,233,13,82,4,104,13,76,5,10,1,23,3,66,3,27,0,10,0,61,2,20,0,111,5,89,5,33,3
hl,2021-02-01,518,46,453,29,233,13,86,4,92,11,62,4,10,1,28,3,65,4,29,0,7,0,56,2,18,0,116,5,86,5,31,3
hl,2022-02-01,529,51,483,33,254,15,92,5,94,11,63,4,10,1,33,4,67,4,35,1,6,0,64,3,19,0,126,6,94,6,34,3
hnrg,2009-03-01,1,0,0,0,0,0,0,0,0,0,0,0,0,0,0,0,0,0,0,0,0,0,0,0,0,0,0,0,0,0,0,0
hnrg,2010-03-01,1,0,0,0,0,0,0,0,0,0,0,0,0,0,0,0,0,0,0,0,0,0,0,0,0,0,0,0,0,0,0,0
hnrg,2011-03-01,1,0,0,0,0,0,0,0,0,0,0,0,0,0,0,0,0,0,0,0,0,0,0,0,0,0,0,0,0,0,0,0
hnrg,2012-03-01,1,0,0,0,0,0,0,0,0,0,0,0,0,0,0,0,0,0,0,0,0,0,0,0,0,0,0,0,0,0,0,0
hnrg,2013-03-01,1,0,0,0,0,0,0,0,0,0,0,0,0,0,0,0,0,0,0,0,0,0,0,0,0,0,0,0,0,0,0,0
hnrg,2014-03-01,1,0,0,0,0,0,0,0,0,0,0,0,0,0,0,0,0,0,0,0,0,0,0,0,0,0,0,0,0,0,0,0
hnrg,2015-03-01,1,1,0,0,0,0,0,0,0,0,0,0,0,0,0,0,0,0,0,0,0,0,0,0,0,0,0,0,0,0,0,0
hnrg,2016-03-01,226,18,285,18,108,5,57,7,71,4,10,1,1,0,11,0,20,2,54,3,6,0,54,1,1,0,72,3,31,2,5,0
hnrg,2017-03-01,235,19,289,20,107,5,56,7,72,3,10,1,1,0,14,1,21,2,53,3,6,0,54,2,2,1,72,3,31,2,4,0
hnrg,2018-03-01,244,23,292,26,104,8,57,10,72,3,12,1,1,0,14,2,24,2,49,5,6,0,55,3,2,0,69,5,29,3,6,0
hnrg,2019-03-01,253,25,308,30,110,11,61,11,78,4,10,0,1,0,13,1,23,2,51,6,6,0,63,6,2,0,74,7,31,4,5,0
hnrg,2020-03-01,148,13,176,15,53,3,29,3,67,5,7,0,1,0,8,1,13,1,13,1,5,0,31,4,2,0,30,2,21,1,2,0
hnrg,2021-03-01,263,26,324,21,135,10,59,7,85,4,11,0,2,0,25,1,25,2,46,3,9,1,57,3,5,0,80,4,49,6,6,0
hnrg,2022-03-01,296,24,377,22,161,12,65,7,96,4,20,1,7,0,26,1,26,2,51,2,12,1,69,4,5,0,95,4,59,8,7,0
hymc,2019-03-01,553,67,768,90,235,25,29,3,206,21,344,43,48,4,0,0,32,4,0,0,2,0,10,1,97,14,8,1,97,10,130,14
hymc,2020-03-01,557,66,796,96,240,28,27,3,220,26,357,43,49,4,0,0,32,4,0,0,2,0,10,1,99,15,9,1,107,15,124,12
hymc,2021-03-01,348,33,352,28,175,14,52,4,75,5,41,1,13,3,23,0,37,1,28,3,3,1,66,8,14,2,86,8,68,5,21,1
hymc,2022-03-01,344,40,361,32,183,21,47,6,80,4,65,8,12,2,25,0,43,3,22,1,1,0,48,5,18,3,76,8,78,11,29,2
lode,2009-04-01,144,21,119,15,33,6,19,4,39,4,12,1,5,0,8,1,7,0,12,3,0,0,15,2,2,0,22,4,7,1,4,1
lode,2010-04-01,153,22,124,15,34,5,18,4,41,4,12,1,5,0,8,1,7,0,12,3,0,0,18,2,3,0,24,4,9,1,1,0
lode,2011-04-01,179,22,145,15,43,5,19,4,49,5,23,0,3,0,9,1,7,0,11,3,0,0,19,2,5,0,26,4,8,1,9,0
lode,2012-03-01,200,27,163,18,67,8,25,5,50,5,27,0,4,1,11,1,9,0,12,4,0,0,18,2,7,0,33,6,19,2,15,0
lode,2013-03-01,195,25,153,19,64,8,25,5,47,5,25,0,2,1,9,1,7,0,12,4,0,0,19,3,7,0,33,6,16,2,15,0
lode,2014-03-01,213,30,150,19,66,8,25,5,45,5,25,0,2,1,9,1,6,0,12,4,0,0,21,3,5,0,35,6,16,2,15,0
lode,2015-01-01,252,33,210,19,90,9,31,4,57,6,31,0,3,1,15,1,15,1,16,2,0,0,33,4,9,0,46,6,27,3,17,0
lode,2016-01-01,294,34,250,19,108,9,30,4,72,6,44,0,5,1,14,1,15,1,16,2,0,0,41,4,13,0,51,6,36,3,21,0
lode,2017-03-01,284,29,242,13,103,6,29,3,70,5,43,0,5,1,14,0,13,0,15,2,0,0,39,2,14,0,49,4,34,2,20,0
lode,2018-02-01,288,29,244,13,102,6,29,3,74,5,42,0,4,1,14,0,13,0,16,2,0,0,38,2,14,0,50,4,33,2,19,0
lode,2019-02-01,296,29,248,13,102,6,29,3,78,5,42,0,4,1,14,0,13,0,16,2,0,0,38,2,14,0,50,4,33,2,19,0
lode,2020-03-01,333,33,295,22,119,8,32,3,96,9,57,3,5,1,14,0,16,0,16,2,1,0,45,4,13,0,56,6,41,2,22,0
lode,2021-03-01,393,38,387,31,147,13,41,5,135,11,61,4,5,1,19,1,20,0,23,3,3,0,64,6,16,0,72,9,56,4,19,0
lode,2022-03-01,590,51,706,63,262,23,84,8,223,18,91,8,16,3,32,1,30,0,77,10,1,0,125,11,27,4,150,15,89,7,23,1
mux,2008-03-01,169,19,105,14,43,9,17,1,24,2,18,6,5,0,2,0,10,2,7,0,1,0,12,0,9,3,19,1,12,4,12,4
mux,2009-03-01,199,26,132,20,63,12,19,2,33,3,20,5,3,0,5,1,13,2,11,1,0,0,19,3,9,3,29,4,22,5,12,3
mux,2010-03-01,218,26,149,20,69,11,20,2,34,3,24,5,3,0,5,1,16,2,12,1,0,0,20,3,15,3,28,3,24,5,17,3
mux,2011-03-01,243,35,170,22,77,14,20,1,46,3,28,7,8,1,5,1,15,1,11,0,0,0,26,5,11,3,32,3,27,6,18,5
mux,2012-03-01,272,31,179,16,81,9,25,1,45,3,28,5,10,1,3,0,19,1,12,0,0,0,26,1,11,4,36,1,27,4,18,4
mux,2013-03-01,279,30,196,17,90,9,29,1,44,3,31,6,9,1,4,0,21,1,14,0,0,0,30,1,14,4,41,2,30,4,19,3
mux,2014-03-01,322,36,245,26,115,12,33,3,53,4,38,9,8,1,4,0,30,3,16,0,0,0,42,1,21,5,48,3,39,5,28,4
mux,2015-03-01,342,41,254,32,119,12,36,4,53,4,39,11,8,1,5,0,35,5,15,0,2,1,41,1,20,5,52,2,42,6,25,4
mux,2016-03-01,287,32,245,21,107,10,30,1,59,4,36,8,10,1,4,0,29,2,14,0,6,0,38,1,19,4,45,3,39,5,23,2
mux,2017-03-01,275,32,237,22,103,11,32,1,56,4,43,9,10,1,3,0,29,2,11,0,6,0,29,1,18,4,39,3,39,6,25,2
mux,2018-02-01,266,26,206,20,93,11,26,1,43,2,28,4,5,1,6,0,28,3,10,1,7,0,25,3,28,5,40,5,32,4,21,2
mux,2019-02-01,302,29,246,24,118,12,31,2,54,2,40,4,7,1,8,1,30,4,10,1,7,0,32,4,27,5,49,6,42,5,27,1
mux,2020-03-01,321,32,287,29,138,13,39,4,62,3,43,5,10,1,11,1,35,4,24,4,7,0,43,4,13,3,64,8,53,5,21,0
mux,2021-03-01,339,36,307,32,140,14,45,5,63,4,45,5,10,1,13,1,41,5,24,4,10,0,43,4,13,3,62,8,56,6,22,0
mux,2022-03-01,371,42,356,36,158,17,54,7,75,6,48,5,10,1,20,2,45,4,22,3,11,0,53,5,18,3,72,9,61,8,25,0
nc,2006-03-01,217,5,252,6,84,2,34,2,87,1,10,0,7,1,2,0,10,0,24,1,9,0,59,0,10,1,48,1,26,1,10,0
nc,2007-02-01,225,6,294,8,90,1,36,2,116,3,13,0,10,0,3,0,10,0,31,1,0,0,67,1,8,1,56,1,24,0,10,0
nc,2008-02-01,225,6,290,6,94,1,39,2,109,2,12,0,8,0,4,0,12,0,34,1,0,0,65,0,7,1,60,1,24,0,10,0
nc,2009-03-01,247,5,333,7,109,1,38,2,135,2,14,0,7,0,5,0,12,0,38,1,0,0,77,1,7,1,67,1,30,0,12,0
nc,2010-03-01,280,17,378,23,133,13,62,11,132,1,12,0,7,0,7,1,17,1,52,6,0,0,79,3,10,0,88,10,36,3,9,0
nc,2011-03-01,280,15,369,16,123,8,59,10,131,2,12,0,8,0,5,0,15,0,54,4,1,0,73,0,11,0,83,7,33,1,7,0
nc,2012-02-01,270,16,371,24,118,13,55,11,132,2,12,0,9,0,6,1,16,1,57,8,1,0,73,1,10,0,78,10,33,3,7,0
nc,2013-03-01,215,13,292,23,101,13,53,11,97,1,10,0,7,0,5,1,9,1,51,8,2,0,50,1,8,0,63,10,30,3,8,0
nc,2014-03-01,215,14,292,21,98,14,52,10,98,1,8,0,7,0,5,1,9,1,52,8,1,0,52,0,8,0,62,10,30,4,6,0
nc,2015-03-01,174,5,223,4,68,0,20,1,99,2,7,0,7,0,5,0,6,0,19,0,1,0,51,1,8,0,33,0,28,0,7,0
nc,2016-03-01,205,10,249,9,79,1,21,1,108,5,15,1,6,0,5,0,8,0,20,0,1,0,54,1,11,1,32,0,36,1,11,0
nc,2017-03-01,204,11,249,10,81,1,21,1,111,5,15,1,6,0,5,0,8,0,20,0,1,0,50,2,12,1,33,0,36,1,12,0
nc,2018-03-01,112,6,125,6,54,1,21,1,38,2,11,1,5,0,5,0,9,0,14,0,1,0,12,1,9,1,18,0,22,1,14,0
nc,2019-03-01,146,8,164,11,71,5,22,2,49,2,19,1,7,1,5,0,10,1,19,0,1,0,19,3,13,1,20,1,30,3,21,1
nc,2020-03-01,223,14,231,16,104,9,28,5,69,3,23,1,7,1,11,0,13,1,29,2,1,0,39,2,11,1,42,4,41,4,21,1
nc,2021-03-01,278,18,300,21,146,13,40,7,83,3,30,1,4,1,19,1,13,1,42,2,1,0,55,4,13,1,70,6,48,6,28,1
nc,2022-03-01,298,19,342,22,161,13,53,7,86,4,35,2,5,1,22,0,20,3,49,2,1,0,59,2,12,1,77,5,57,6,27,2
nem,2006-03-01,171,19,110,18,59,11,16,5,22,1,9,0,4,1,8,1,13,1,9,3,6,3,16,3,7,0,28,6,22,4,9,1
nem,2007-02-01,225,18,146,17,78,12,16,5,29,1,11,1,5,1,10,1,19,1,10,3,8,1,27,3,11,0,38,6,26,5,14,1
nem,2008-02-01,154,22,112,14,62,8,14,3,20,1,10,0,4,1,10,1,7,0,13,3,7,2,21,3,6,0,33,5,25,3,4,0
nem,2009-02-01,185,21,140,15,71,5,15,2,30,1,13,1,5,2,11,1,8,0,13,2,12,2,27,4,6,0,36,3,30,2,5,0
nem,2010-02-01,240,30,237,29,102,12,39,6,51,4,18,3,7,2,16,1,17,0,28,4,15,3,38,5,8,1,61,7,36,5,5,0
nem,2011-02-01,255,28,262,27,120,12,36,5,48,4,22,4,6,1,18,1,28,1,29,3,15,3,53,4,7,1,69,7,44,5,7,0
nem,2012-02-01,300,37,314,34,149,23,45,10,52,4,45,6,6,1,21,1,26,1,33,4,18,2,58,5,10,0,77,11,53,8,19,4
nem,2013-02-01,310,36,331,34,164,24,48,11,57,5,46,7,6,1,21,1,35,1,28,3,19,1,58,4,13,0,80,11,64,9,20,4
nem,2014-02-01,323,42,340,40,168,26,54,14,55,5,44,7,5,1,24,2,34,1,29,3,19,1,63,6,13,0,85,13,65,10,18,3
nem,2015-02-01,332,41,349,46,180,28,54,11,53,7,42,9,5,1,24,2,37,2,33,4,22,3,65,6,14,1,89,13,68,11,23,4
nem,2016-02-01,393,60,405,67,200,41,75,23,61,7,44,11,5,1,26,2,45,5,39,7,30,4,66,6,14,1,102,19,77,16,21,6
nem,2017-02-01,367,58,342,49,188,34,68,21,50,3,27,5,5,1,25,2,41,4,37,6,13,2,65,4,11,1,100,17,69,13,19,4
nem,2018-02-01,354,52,338,43,191,34,67,17,48,3,27,5,5,1,26,2,39,4,37,5,14,2,60,3,15,1,98,15,72,15,21,4
nem,2019-02-01,508,67,519,57,286,43,92,20,94,6,65,9,11,1,31,2,62,4,42,6,17,3,78,4,27,2,136,20,122,19,28,4
nem,2020-02-01,529,63,496,56,309,47,85,16,80,2,54,10,9,0,31,4,61,8,43,3,21,4,85,6,27,3,143,19,127,21,39,7
nem,2021-02-01,572,74,587,64,374,57,101,17,93,3,68,12,10,1,41,4,67,10,45,3,23,5,105,6,34,3,166,22,159,27,49,8
nem,2022-02-01,583,76,646,71,421,62,111,20,99,3,73,8,15,2,47,3,59,10,57,7,27,6,121,9,37,3,197,28,173,27,51,7
pll,2021-09-01,266,30,283,36,96,14,38,6,77,8,51,7,22,5,7,0,34,2,6,0,3,1,26,4,19,3,31,4,47,8,18,2
rgld,2006-09-01,109,12,111,13,37,3,15,0,31,3,22,5,5,3,1,0,8,1,6,0,0,0,11,0,12,1,16,0,12,2,9,1
rgld,2007-08-01,128,11,139,11,47,6,13,0,46,2,29,5,6,3,1,0,6,0,6,0,0,0,15,0,17,1,17,1,16,3,14,2
rgld,2008-08-01,160,12,190,10,56,3,16,0,64,2,44,5,9,3,1,0,8,0,7,0,0,0,16,0,25,0,20,0,18,2,18,1
rgld,2009-08-01,206,18,268,16,82,8,19,0,88,4,65,6,8,4,2,0,12,0,9,0,0,0,27,1,38,1,29,2,24,3,29,3
rgld,2010-08-01,199,18,283,18,88,8,22,0,92,5,66,7,9,4,1,0,12,0,16,0,0,0,24,1,41,1,29,1,23,4,36,3
rgld,2011-08-01,175,15,261,16,74,6,22,0,80,4,59,6,9,4,1,0,14,0,14,0,0,0,26,1,36,1,26,0,18,3,30,3
rgld,2012-08-01,248,16,334,18,112,7,22,0,99,5,91,7,14,5,3,0,19,0,14,0,0,0,29,0,43,1,32,0,36,4,44,3
rgld,2013-08-01,266,20,354,21,108,9,24,0,101,5,94,7,14,5,3,0,21,0,14,0,1,0,34,2,48,2,32,1,38,5,38,3
rgld,2014-08-01,275,19,372,24,117,7,29,1,110,7,98,7,11,4,4,0,21,1,13,0,1,0,32,1,53,3,38,1,38,4,41,2
rgld,2015-08-01,288,18,387,20,116,6,31,1,114,6,89,6,14,4,3,0,26,1,15,0,1,0,38,0,56,2,37,0,43,4,36,2
rgld,2016-08-01,281,16,374,17,105,5,26,0,112,5,86,6,13,4,7,0,26,0,8,0,1,0,41,0,54,2,31,0,43,4,31,1
rgld,2017-08-01,261,17,379,17,112,5,30,0,109,5,83,6,13,4,7,0,27,0,10,0,2,0,43,0,55,2,34,0,46,4,32,1
rgld,2018-08-01,243,18,365,17,101,6,31,0,107,5,83,6,12,4,6,0,26,0,10,0,2,0,40,0,48,2,30,0,47,5,24,1
rgld,2019-08-01,235,19,355,13,105,9,31,0,105,3,79,4,12,4,5,0,26,0,8,0,3,0,37,0,49,2,34,0,47,6,24,3
rgld,2020-08-01,182,18,161,17,40,3,10,1,56,6,30,3,6,1,6,1,17,1,5,0,0,0,10,2,21,2,15,1,11,2,14,0
rgld,2021-08-01,199,18,196,20,58,4,17,2,61,6,34,3,6,1,7,1,20,1,7,1,1,0,14,3,29,2,23,2,17,1,18,1
scco,2006-03-01,252,17,187,13,72,7,23,3,50,1,23,4,0,0,5,0,10,0,17,0,17,2,34,2,8,1,34,4,29,2,9,1
scco,2007-03-01,273,19,192,14,69,6,27,5,47,0,16,1,1,1,5,0,13,2,17,0,26,3,34,2,6,0,35,5,26,1,8,0
scco,2008-02-01,249,14,188,8,66,5,25,5,49,0,18,0,1,0,5,0,17,1,15,0,19,0,33,2,6,0,33,5,27,0,6,0
scco,2009-03-01,259,16,198,14,68,8,21,5,51,0,18,0,2,0,5,0,23,4,15,0,29,3,30,2,4,0,33,5,28,3,7,0
scco,2010-02-01,245,22,200,18,83,9,30,8,49,0,13,2,0,0,8,0,16,3,23,1,18,1,39,3,4,0,44,7,31,2,8,0
scco,2011-03-01,275,31,220,24,112,16,44,9,51,0,18,5,0,0,9,1,16,2,23,1,11,2,44,4,4,0,54,8,48,8,10,0
scco,2012-02-01,280,27,224,18,106,11,42,8,50,0,16,3,1,0,8,0,18,1,27,2,12,1,44,3,6,0,54,5,43,6,9,0
scco,2013-02-01,283,35,238,25,123,18,51,12,51,0,13,2,0,0,8,0,19,2,28,2,16,3,46,4,6,0,64,10,50,8,9,0
scco,2014-02-01,238,21,202,18,99,12,42,10,48,0,13,1,0,0,6,0,13,2,24,1,10,1,42,3,4,0,53,8,38,4,8,0
scco,2015-03-01,265,28,216,21,113,16,44,10,52,0,13,1,1,0,11,1,14,2,24,1,10,2,42,3,5,1,57,9,48,7,8,0
scco,2016-02-01,265,27,225,24,107,14,48,13,54,0,13,1,1,0,12,1,15,2,22,1,10,2,44,3,6,1,56,9,44,5,7,0
scco,2017-03-01,237,23,193,23,92,13,33,9,43,1,11,1,1,0,12,1,19,2,17,2,10,2,38,5,9,0,41,8,40,5,11,0
scco,2018-03-01,230,21,194,23,95,13,32,9,41,1,13,1,2,0,11,1,19,2,17,2,11,2,38,5,10,0,41,8,43,5,11,0
scco,2019-03-01,238,23,205,22,103,12,34,8,46,1,12,1,1,0,12,0,22,2,17,2,13,3,39,5,9,0,47,7,44,5,12,0
scco,2020-02-01,243,24,208,22,101,11,36,8,47,1,12,1,1,0,12,0,22,3,18,2,12,2,40,5,8,0,48,7,42,4,11,0
scco,2021-02-01,253,27,214,20,103,11,35,6,45,1,16,1,0,0,19,1,20,2,18,2,11,2,42,5,8,0,51,7,43,4,9,0
scco,2022-03-01,271,27,240,20,107,9,35,5,56,2,17,1,0,0,22,1,21,2,20,2,11,2,49,5,9,0,56,6,42,3,9,0
slca,2012-03-01,444,63,542,65,214,38,65,16,153,10,55,9,17,3,20,4,46,3,50,7,8,0,116,12,12,1,100,18,85,14,29,6
slca,2013-02-01,435,58,540,66,212,35,71,16,148,10,56,12,18,2,19,4,50,3,48,6,8,0,112,10,10,3,98,16,84,12,30,7
slca,2014-02-01,402,48,515,62,201,33,71,17,143,10,38,7,14,1,20,4,49,3,49,7,8,0,115,11,8,2,102,17,82,12,17,4
slca,2015-02-01,386,47,491,64,191,34,67,18,134,9,31,7,12,1,18,4,53,3,51,9,7,0,112,12,6,1,104,19,76,12,11,3
slca,2016-02-01,388,44,496,60,194,33,69,19,138,8,30,6,12,1,18,4,53,3,49,8,7,0,113,10,7,1,105,19,78,11,11,3
slca,2017-02-01,402,45,531,62,207,33,75,19,146,8,31,6,14,1,17,4,57,4,52,8,9,0,123,11,7,1,111,18,85,12,11,3
slca,2018-02-01,412,45,536,62,209,32,75,18,148,8,31,6,14,1,19,4,59,4,49,7,10,1,123,11,8,2,109,16,88,12,12,4
slca,2019-02-01,468,38,600,46,234,22,78,11,169,7,53,7,15,2,19,1,64,4,47,4,13,2,130,7,12,1,113,10,100,8,21,4
slca,2020-02-01,315,32,423,38,164,19,52,8,124,9,31,3,10,1,12,0,45,3,38,3,7,2,95,9,9,0,81,8,71,10,12,1
slca,2021-02-01,333,34,448,42,189,23,62,9,123,9,31,3,11,1,17,1,46,3,41,3,9,3,98,10,10,0,92,9,83,12,14,2
slca,2022-02-01,334,34,444,43,182,23,60,9,122,9,32,4,10,1,16,1,45,3,41,3,10,3,98,10,10,0,88,9,80,12,14,2
uec,2008-10-01,170,18,157,9,66,4,26,2,40,3,36,2,7,0,5,0,15,1,11,1,1,0,13,0,3,0,22,1,28,1,16,2
uec,2009-10-01,159,18,143,9,60,4,26,2,35,3,28,2,7,0,5,0,15,1,11,1,1,0,13,0,2,0,22,1,27,1,11,2
uec,2010-10-01,160,13,148,8,64,4,26,2,35,2,27,2,7,0,6,0,17,1,12,1,1,0,15,0,2,0,24,1,28,1,12,2
uec,2011-10-01,125,18,116,18,69,14,16,1,25,4,27,6,6,0,1,0,13,1,10,0,0,0,13,2,5,4,27,5,28,6,14,3
uec,2012-10-01,170,20,162,16,87,13,24,1,35,3,34,5,8,0,3,0,21,1,12,0,1,0,18,2,6,4,34,4,37,6,16,3
uec,2013-10-01,191,33,178,24,94,14,24,2,40,4,40,10,8,0,4,0,23,1,12,1,1,0,17,2,9,4,41,5,35,4,18,5
uec,2014-10-01,191,34,176,17,100,15,23,2,40,3,39,7,9,0,4,0,23,1,11,0,1,0,20,2,6,2,43,5,39,5,18,5
uec,2015-10-01,197,33,177,16,112,18,25,3,39,2,39,6,8,0,6,0,23,1,11,0,1,0,17,2,8,2,48,7,44,5,20,6
uec,2016-10-01,196,33,175,15,110,18,27,3,37,2,38,5,7,0,6,0,23,1,11,0,1,0,18,2,7,2,48,7,42,5,20,6
uec,2017-10-01,223,34,206,17,112,18,27,3,57,3,38,5,7,0,6,0,23,1,11,0,1,0,28,2,8,3,52,7,40,5,20,6
uec,2018-10-01,227,37,202,15,114,19,27,3,54,2,39,5,7,0,6,0,23,1,10,0,1,0,28,2,7,2,51,7,43,6,20,6
uec,2019-10-01,228,36,212,18,115,17,27,3,56,2,43,7,7,0,6,0,23,1,10,0,1,0,30,2,9,3,52,6,44,6,19,5
uec,2020-10-01,228,34,208,18,114,15,27,3,56,3,40,7,7,0,7,0,23,1,11,0,1,0,29,2,7,2,52,5,44,6,18,4
uec,2021-10-01,265,41,231,21,126,18,35,4,58,3,41,8,7,0,7,0,24,1,16,0,1,0,33,3,9,2,57,6,50,7,19,5
usau,2006-07-01,69,9,48,9,6,2,0,0,32,5,5,0,2,1,0,0,2,1,0,0,0,0,4,2,3,0,1,1,3,1,2,0
usau,2007-07-01,68,11,47,10,6,2,0,0,31,6,5,0,2,1,0,0,2,1,0,0,0,0,4,2,3,0,1,1,3,1,2,0
usau,2008-07-01,64,10,48,11,5,2,0,0,31,6,5,1,2,1,0,0,2,1,0,0,0,0,4,2,4,0,1,1,2,1,2,0
usau,2009-07-01,69,11,54,13,6,2,0,0,35,7,6,1,2,1,0,0,2,1,0,0,0,0,5,3,4,0,1,1,2,1,3,0
usau,2010-07-01,73,13,54,12,5,2,0,0,36,6,6,1,2,1,0,0,2,1,0,0,0,0,5,3,3,0,1,1,2,1,2,0
usau,2011-07-01,80,13,56,14,5,2,0,0,37,7,6,1,2,1,0,0,2,1,0,0,0,0,6,4,3,0,1,1,2,1,2,0
usau,2012-07-01,167,29,160,27,40,8,8,0,82,13,19,3,9,4,3,0,11,2,2,0,2,1,19,4,5,0,8,1,23,6,9,1
usau,2013-07-01,206,30,200,30,54,12,10,1,97,14,23,3,10,4,4,0,14,2,3,0,5,2,24,4,10,0,11,3,28,8,15,1
usau,2014-07-01,215,35,201,34,55,13,10,1,97,14,23,3,10,4,4,0,14,4,4,1,5,2,25,5,9,0,11,3,28,8,16,2
usau,2015-08-01,209,32,200,34,49,10,7,1,89,13,30,4,11,4,1,0,21,5,2,0,9,2,22,5,8,0,8,3,25,6,16,1
usau,2016-07-01,213,30,194,34,51,11,8,2,94,14,29,4,11,4,1,0,13,3,2,0,7,2,22,5,7,0,8,3,29,7,14,1
usau,2017-07-01,262,19,185,20,64,6,26,2,65,5,23,6,7,2,5,0,8,0,8,0,6,2,31,2,6,1,27,1,25,3,12,2
usau,2018-07-01,299,31,252,29,112,13,51,8,63,4,42,7,10,1,12,2,24,2,13,2,0,0,22,2,15,1,53,7,34,4,25,2
usau,2019-07-01,346,37,304,32,134,15,74,11,64,3,45,7,9,1,14,2,29,2,26,3,0,0,25,2,18,1,67,9,41,5,26,1
usau,2020-07-01,395,46,344,31,159,15,75,10,82,3,48,6,13,2,18,1,25,1,26,3,2,1,31,3,24,1,71,9,57,5,31,1
usau,2021-07-01,396,45,347,30,164,15,76,10,82,2,50,7,10,2,21,1,26,1,26,3,1,1,30,2,25,1,73,8,59,5,32,2
usau,2022-08-01,279,22,261,14,112,5,41,2,70,1,42,3,14,3,16,1,17,1,13,1,1,0,27,1,20,1,44,3,45,1,23,1
uuuu,2016-03-01,372,39,338,43,207,22,67,9,56,7,45,9,9,2,10,0,37,4,32,1,4,0,48,5,30,6,101,5,70,7,36,10
uuuu,2017-03-01,344,29,298,27,179,14,60,7,54,7,34,4,9,2,11,0,35,2,32,1,4,0,46,4,13,0,95,4,66,5,18,5
uuuu,2018-03-01,378,34,321,27,195,18,64,7,61,7,34,4,9,2,10,0,35,2,34,1,5,0,53,4,16,0,104,7,71,6,20,5
uuuu,2019-03-01,384,33,328,27,200,19,66,7,66,7,34,4,9,2,10,0,39,2,31,1,5,0,52,4,16,0,106,8,72,6,22,5
uuuu,2020-03-01,402,40,338,32,213,23,70,9,64,6,37,4,9,2,13,0,39,3,32,2,5,0,53,5,16,1,110,10,80,8,23,5
uuuu,2021-03-01,426,49,385,54,234,30,78,12,77,10,48,9,12,3,14,1,40,3,38,4,5,0,62,11,11,1,121,12,91,12,22,6
uuuu,2022-03-01,455,49,424,51,255,31,81,10,89,10,57,11,13,3,15,0,38,2,39,4,5,0,69,8,18,3,125,10,101,12,29,9
vgz,2006-03-01,162,20,138,11,69,11,44,4,11,0,15,1,2,0,11,1,12,0,24,4,0,0,15,1,4,0,40,5,20,4,9,2
vgz,2007-03-01,209,30,194,22,96,18,50,5,21,1,25,3,2,1,14,2,21,1,29,5,0,0,17,2,15,2,46,7,29,7,21,4
vgz,2008-03-01,240,33,209,22,104,19,44,5,28,1,27,3,2,1,14,2,22,2,27,5,0,0,28,2,17,1,51,8,31,7,22,4
vgz,2009-03-01,250,29,202,17,108,16,43,3,39,2,26,4,2,1,12,1,12,0,25,3,0,0,34,2,9,1,56,5,36,7,16,4
vgz,2010-03-01,349,49,279,39,134,28,48,4,61,7,48,10,9,4,13,2,16,0,26,4,2,1,43,5,13,2,68,10,44,13,22,5
vgz,2011-03-01,326,48,268,35,136,31,58,6,47,4,36,7,9,3,14,2,17,1,30,4,2,1,42,5,13,2,69,12,44,14,23,5
vgz,2012-03-01,349,53,282,38,143,28,57,5,52,5,41,8,9,3,15,3,16,1,31,4,2,1,44,5,15,3,68,11,52,13,23,4
vgz,2013-03-01,113,16,84,14,42,6,10,2,23,4,13,3,2,1,1,0,5,0,6,0,0,0,14,2,10,2,14,3,14,1,14,2
vgz,2014-03-01,110,17,86,14,41,6,12,2,24,4,14,3,2,1,0,0,6,0,6,0,0,0,12,2,10,2,15,3,12,1,14,2
vgz,2015-03-01,136,15,126,13,64,6,17,2,31,3,17,3,3,1,2,0,10,0,13,0,0,0,21,2,12,2,26,3,17,1,21,2
vgz,2016-02-01,145,15,139,14,68,9,18,2,38,3,18,3,3,1,3,0,9,0,13,0,0,0,22,2,15,3,26,3,20,3,22,3
vgz,2017-02-01,149,15,144,14,76,9,21,2,37,3,19,3,3,1,4,0,11,0,12,0,0,0,22,2,15,3,30,3,23,3,23,3
vgz,2018-03-01,149,14,148,14,80,9,21,2,39,3,19,3,4,1,4,0,11,0,12,0,0,0,22,2,16,3,31,3,25,3,24,3
vgz,2019-02-01,159,16,152,14,81,11,21,2,40,3,20,3,4,1,4,0,12,0,12,0,0,0,22,2,17,3,32,4,26,4,23,3
vgz,2020-02-01,196,21,216,20,108,14,30,4,54,4,35,5,7,1,5,0,19,1,14,0,1,0,28,2,23,3,37,4,40,5,31,5
vgz,2021-02-01,199,20,222,17,116,15,34,4,52,3,34,4,7,1,12,0,17,1,15,0,2,0,28,2,21,2,40,4,46,6,30,5
vgz,2022-02-01,199,19,228,18,116,15,31,4,52,2,41,5,7,1,12,0,18,1,15,0,1,0,28,2,23,3,39,3,43,5,34,7
xpl,2006-03-01,123,18,113,16,41,6,10,1,38,3,25,7,8,1,7,0,4,0,4,1,0,0,6,1,11,2,18,1,14,3,9,2
xpl,2007-02-01,128,22,106,14,38,4,11,1,38,3,16,5,8,1,7,0,4,0,4,1,0,0,9,1,9,2,18,1,13,2,7,1
xpl,2008-03-01,137,21,106,17,37,5,12,2,36,3,17,6,7,1,8,1,4,0,4,1,0,0,8,1,10,2,18,2,13,2,6,1
xpl,2009-03-01,156,24,113,20,43,6,11,2,42,5,19,7,7,1,7,1,4,0,4,1,0,0,8,1,11,2,22,4,14,1,7,1
xpl,2010-02-01,154,22,113,20,44,6,12,2,41,5,18,7,7,1,8,1,4,0,4,1,0,0,8,1,11,2,22,4,16,1,6,1
xpl,2011-03-01,157,24,133,24,54,8,12,2,42,5,24,9,9,1,10,1,5,0,4,1,0,0,14,2,13,3,27,5,19,1,8,2
xpl,2012-03-01,176,25,156,24,62,9,16,2,46,7,25,9,9,1,9,0,11,1,6,0,1,0,17,1,16,3,31,4,22,3,9,2
xpl,2013-03-01,177,27,159,24,62,7,17,4,43,5,25,8,9,1,9,0,12,2,6,0,2,0,19,1,17,3,33,4,21,1,8,2
xpl,2014-03-01,182,28,172,32,66,10,18,5,44,6,31,9,12,1,9,0,13,2,6,0,2,1,19,3,18,5,32,5,26,3,8,2
xpl,2015-03-01,177,23,176,27,65,6,17,3,45,6,34,10,12,1,9,0,13,1,7,0,1,0,18,2,20,4,32,3,26,1,7,2
xpl,2016-03-01,136,19,142,22,49,8,16,3,37,5,28,7,10,1,9,0,11,1,4,0,1,0,11,2,15,3,21,3,20,2,8,3
xpl,2017-03-01,141,20,152,22,54,6,16,3,40,5,29,8,10,1,12,0,12,1,4,0,1,0,12,1,16,3,22,1,24,2,8,3
xpl,2018-03-01,161,19,171,22,65,6,18,3,44,5,32,8,12,1,12,0,12,1,4,0,1,0,13,1,23,3,22,1,28,2,15,3
xpl,2019-03-01,145,20,153,22,53,7,16,3,41,5,29,8,10,1,13,0,12,1,4,0,1,0,11,1,16,3,22,1,24,2,7,4
xpl,2020-03-01,149,20,151,21,56,7,16,3,42,5,28,7,10,1,13,0,12,1,4,0,1,0,11,1,14,3,24,1,24,2,8,4
xpl,2021-03-01,177,24,185,22,73,8,20,3,48,5,36,8,11,1,22,0,13,1,4,0,2,0,14,1,15,3,30,1,33,2,10,5
xpl,2022-03-01,198,23,199,22,82,9,25,3,51,5,35,7,11,1,19,0,14,1,9,0,1,0,19,2,15,3,38,1,34,3,10,5
