symbol,filing_time,num_risk_factors_tokens,num_conciliatory_tokens,aid,endorse,supporting,promise,kudos,stretch,sustenance,agree,extend,prolong,conciliate,assist,cooperate,talk terms,praise,indorse,purport,support,hail,underpin,assistance,strain,help,propose,truce,put out,recognition,firmness,reconcile,stretch forth,collaborate,assure,host,see,continue,resolve,negotiate,credit
abml,2013-12,2016,6,0,0,0,0,0,0,0,0,0,0,0,0,0,0,0,0,0,0,0,0,0,0,1,2,0,0,0,0,0,0,0,0,0,0,2,0,1,0
abml,2015-01,1757,2,0,0,0,0,0,0,0,0,0,0,0,0,0,0,0,0,0,0,0,0,0,0,1,0,0,0,0,0,0,0,0,0,0,0,1,0,0,0
abml,2015-12,14,0,0,0,0,0,0,0,0,0,0,0,0,0,0,0,0,0,0,0,0,0,0,0,0,0,0,0,0,0,0,0,0,0,0,0,0,0,0,0
abml,2016-12,14,0,0,0,0,0,0,0,0,0,0,0,0,0,0,0,0,0,0,0,0,0,0,0,0,0,0,0,0,0,0,0,0,0,0,0,0,0,0,0
abml,2018-01,2,0,0,0,0,0,0,0,0,0,0,0,0,0,0,0,0,0,0,0,0,0,0,0,0,0,0,0,0,0,0,0,0,0,0,0,0,0,0,0
abml,2018-12,2,0,0,0,0,0,0,0,0,0,0,0,0,0,0,0,0,0,0,0,0,0,0,0,0,0,0,0,0,0,0,0,0,0,0,0,0,0,0,0
abml,2019-12,2,0,0,0,0,0,0,0,0,0,0,0,0,0,0,0,0,0,0,0,0,0,0,0,0,0,0,0,0,0,0,0,0,0,0,0,0,0,0,0
abml,2021-10,2,0,0,0,0,0,0,0,0,0,0,0,0,0,0,0,0,0,0,0,0,0,0,0,0,0,0,0,0,0,0,0,0,0,0,0,0,0,0,0
abml,2022-09,2,0,0,0,0,0,0,0,0,0,0,0,0,0,0,0,0,0,0,0,0,0,0,0,0,0,0,0,0,0,0,0,0,0,0,0,0,0,0,0
amr,2019-04,11388,97,0,0,4,0,0,0,0,1,3,1,0,0,0,0,0,0,0,4,0,0,0,2,0,13,0,0,0,0,0,0,0,1,0,3,21,1,5,38
amr,2020-03,11205,96,0,0,3,0,0,0,0,3,4,1,0,0,0,0,0,0,0,3,0,0,0,1,0,8,0,0,0,0,0,0,0,0,0,3,20,1,5,44
amr,2021-03,12244,95,0,0,5,0,0,0,0,1,3,1,0,0,0,0,0,0,0,5,0,0,0,1,0,8,0,0,0,0,0,0,0,0,0,3,20,1,5,42
amr,2022-03,12036,95,0,0,5,0,0,0,0,0,3,1,0,1,0,0,0,0,0,5,0,0,0,1,0,8,0,0,0,0,0,0,0,0,0,4,19,2,5,41
arch,2006-03,3354,20,0,0,0,0,0,0,0,0,1,0,0,0,0,0,0,0,0,0,0,0,0,0,0,0,0,0,0,0,0,0,0,0,0,4,7,0,2,6
arch,2007-03,2714,14,0,0,0,0,0,0,0,2,5,0,0,0,0,0,0,0,0,0,0,0,0,0,0,0,0,0,0,0,0,0,0,0,0,3,1,0,0,3
arch,2008-02,2726,18,0,0,0,0,0,0,0,2,6,0,0,0,0,0,0,0,0,0,0,0,0,0,0,1,0,0,0,0,0,0,0,0,0,4,1,0,0,4
arch,2009-02,4773,41,0,0,0,0,0,0,0,2,9,0,0,0,0,0,0,0,0,0,0,0,0,0,0,2,0,0,0,0,0,0,0,1,0,5,5,0,1,16
arch,2010-03,5126,42,0,0,0,0,0,0,0,2,9,0,0,0,0,0,0,0,0,0,0,0,0,0,0,2,0,0,0,0,0,0,0,1,0,6,4,1,1,16
arch,2011-03,4535,32,0,0,0,0,0,0,0,2,8,0,0,0,0,0,0,0,0,0,0,0,0,0,0,2,0,0,0,0,0,0,0,1,0,5,3,0,1,10
arch,2012-02,5054,39,0,0,0,0,0,0,0,3,8,0,0,0,0,0,0,0,0,0,0,0,0,0,0,2,0,0,0,0,0,0,0,1,0,5,3,0,1,16
arch,2013-03,4909,31,0,0,0,0,0,0,0,0,6,0,0,0,0,0,0,0,0,0,0,0,0,0,0,2,0,0,0,0,0,0,0,1,0,5,3,1,1,12
arch,2014-02,4746,31,0,0,0,0,0,0,0,0,6,0,0,0,0,0,0,0,0,0,0,0,0,0,0,2,0,0,0,0,0,0,0,1,0,5,3,1,1,12
arch,2015-02,4892,31,0,0,0,0,0,0,0,0,6,0,0,0,0,0,0,0,0,0,0,0,0,0,0,2,0,0,0,0,0,0,0,1,0,5,3,1,1,12
arch,2016-03,7290,67,0,0,4,0,0,0,0,3,3,1,0,0,0,0,0,0,0,4,0,0,0,0,0,4,0,0,0,0,0,0,0,1,0,5,19,1,1,21
arch,2017-02,5681,41,0,0,0,0,0,0,0,0,3,0,0,0,0,0,0,0,0,0,0,0,0,0,0,2,0,0,0,0,0,0,0,3,0,6,11,1,1,14
arch,2018-02,5987,39,0,0,0,0,0,0,0,0,3,0,0,0,0,0,0,0,0,0,0,0,0,0,0,5,0,0,0,0,0,0,0,0,0,5,11,1,2,12
arch,2019-02,6915,47,0,0,0,0,0,0,0,0,4,0,0,0,0,0,0,0,0,0,0,0,0,0,0,6,0,0,0,0,0,0,0,0,0,4,13,1,2,17
arch,2020-02,7211,47,0,0,0,0,0,0,0,0,4,0,0,0,0,0,0,0,0,0,0,0,0,0,0,5,0,0,0,0,0,0,0,1,0,4,15,0,2,16
arch,2021-02,7464,51,0,0,1,0,0,0,0,0,5,0,0,0,0,0,0,0,0,1,0,0,0,0,0,3,0,0,0,0,0,0,0,1,0,6,18,0,1,15
arch,2022-02,7982,53,0,0,0,0,0,0,0,2,4,0,0,0,1,0,0,0,0,0,0,0,0,0,0,5,0,0,0,0,0,0,0,0,0,4,18,0,1,18
arlp,2006-03,4807,49,0,0,0,0,0,0,0,3,5,1,0,0,0,0,0,0,0,0,0,0,0,0,0,5,0,0,0,0,0,0,0,0,0,0,8,1,1,25
arlp,2007-03,6038,59,0,0,0,0,0,0,0,4,5,1,0,0,0,0,0,0,0,0,0,0,0,0,0,3,0,0,0,0,0,0,0,0,0,2,12,1,1,30
arlp,2008-02,5945,46,0,0,0,0,0,0,0,4,5,1,0,0,0,0,0,0,0,0,0,0,0,0,0,4,0,0,1,0,0,0,0,1,0,2,11,1,1,15
arlp,2009-03,6384,50,0,0,1,0,0,0,0,4,5,1,0,0,0,0,0,0,0,1,0,0,0,0,0,6,0,0,1,0,0,0,0,1,0,1,11,1,0,17
arlp,2010-02,7060,55,0,0,1,0,0,0,0,3,5,1,0,0,0,0,0,0,0,1,0,0,0,0,0,9,0,0,1,0,0,0,0,1,0,2,10,1,1,19
arlp,2011-02,6563,47,0,0,1,0,0,0,0,3,5,1,0,0,0,0,0,0,0,1,0,0,0,0,0,7,0,0,1,0,0,0,0,1,0,2,10,1,0,14
arlp,2012-02,6679,48,0,0,1,0,0,0,0,3,5,1,0,0,0,0,0,0,0,1,0,0,0,0,0,7,0,0,1,0,0,0,0,1,0,2,11,1,0,14
arlp,2013-03,7039,53,0,0,1,0,0,0,0,3,5,1,0,0,0,0,0,0,0,1,0,0,0,0,0,12,0,0,1,0,0,0,0,1,0,2,10,1,0,15
arlp,2014-02,7659,55,0,0,1,0,0,0,0,3,5,1,0,0,0,0,0,0,0,1,0,0,0,0,0,12,0,0,1,0,0,0,0,1,0,3,9,2,0,16
arlp,2015-02,7029,51,0,0,0,0,0,0,0,3,5,1,0,0,0,0,0,0,0,0,0,0,0,0,0,14,0,0,1,0,0,0,0,1,0,2,9,1,0,14
arlp,2016-02,8633,58,0,0,0,0,0,0,0,3,7,1,0,0,0,0,0,0,0,0,0,0,0,0,0,9,0,0,1,0,0,0,0,1,0,6,11,2,0,17
arlp,2017-02,8105,52,0,0,0,0,0,0,0,3,6,1,0,0,0,0,0,0,0,0,0,0,0,0,0,7,0,0,1,0,0,0,0,1,0,6,11,1,0,15
arlp,2018-02,8188,53,0,0,0,0,0,0,0,3,5,1,0,0,0,0,0,0,0,0,0,0,0,0,0,8,0,0,1,0,0,0,0,1,0,7,11,2,0,14
arlp,2019-02,9149,51,0,0,0,0,0,0,0,3,5,1,0,0,0,0,0,0,0,0,0,0,0,0,0,8,0,0,1,0,0,0,0,1,0,6,12,2,0,12
arlp,2020-02,11139,59,0,0,1,0,0,0,0,3,5,2,0,0,0,0,0,0,0,1,0,0,0,0,0,7,0,0,1,0,0,0,0,2,0,7,15,3,1,11
arlp,2021-02,11911,70,1,0,2,0,0,0,0,3,4,4,0,0,0,0,0,0,0,2,0,0,0,0,0,4,0,0,1,0,0,0,0,3,0,7,25,3,1,10
arlp,2022-02,12616,75,0,0,3,0,0,0,0,3,5,2,0,0,0,0,0,0,0,3,0,0,0,0,0,5,0,0,1,0,0,0,0,3,0,8,28,3,1,10
aumn,2006-03,3600,22,0,0,0,0,0,0,0,0,1,1,0,0,2,0,0,0,0,0,0,0,0,0,0,3,0,0,4,0,0,0,0,1,0,0,9,1,0,0
aumn,2007-04,4586,20,0,0,0,0,0,0,0,0,1,0,0,0,1,0,0,0,0,0,0,0,0,0,0,2,0,0,4,0,0,0,0,1,0,3,6,1,1,0
aumn,2008-02,4404,23,0,0,0,0,0,0,0,1,1,0,0,0,1,0,0,0,0,0,0,0,0,0,0,1,0,0,4,0,0,0,0,0,0,6,7,2,0,0
aumn,2009-03,3292,30,0,0,2,0,0,0,0,0,2,3,0,0,1,0,0,0,0,2,0,0,0,0,0,1,0,0,0,0,0,0,0,0,0,3,13,0,0,3
aumn,2010-03,2581,29,0,0,1,0,0,0,0,1,2,1,0,0,0,0,0,0,0,1,0,0,0,0,0,1,0,0,0,0,0,0,0,5,0,1,11,0,2,3
aumn,2011-02,2153,22,0,0,0,0,0,0,0,0,0,0,0,0,0,0,0,0,0,0,0,0,0,0,0,2,0,0,0,0,0,0,0,4,0,1,12,0,0,3
aumn,2012-03,4415,38,0,0,4,0,0,0,0,0,1,0,0,0,0,0,0,0,0,4,0,0,0,0,0,5,0,0,0,0,0,0,0,5,0,0,12,0,3,4
aumn,2013-03,4435,41,0,0,5,0,0,0,0,0,1,0,0,1,0,0,0,0,0,5,0,0,0,0,0,2,0,0,0,0,0,0,0,5,0,0,15,0,3,4
aumn,2014-02,4783,47,0,0,4,0,0,0,0,1,1,0,0,0,0,0,0,0,0,4,0,0,0,0,0,2,0,0,0,0,0,0,0,5,0,0,24,0,2,4
aumn,2015-02,4926,41,0,0,5,0,0,0,0,0,1,0,0,0,0,0,0,0,0,5,0,0,0,0,0,2,0,0,0,0,0,0,0,5,0,0,18,0,1,4
aumn,2016-02,6139,46,0,0,6,0,0,0,0,0,1,0,0,0,0,0,0,0,0,6,0,0,0,0,0,2,0,0,0,0,0,0,0,5,0,0,21,0,1,4
aumn,2017-02,5570,48,0,0,5,0,0,0,0,0,5,0,0,0,0,0,0,0,0,5,0,0,0,0,0,2,0,0,0,0,0,0,0,5,0,0,21,0,1,4
aumn,2018-03,4547,46,0,0,5,0,0,0,0,0,6,0,0,0,0,0,0,0,0,5,0,0,0,0,0,2,0,0,0,0,0,0,0,5,0,0,18,0,1,4
aumn,2019-02,4929,43,0,0,5,0,0,0,0,0,2,0,0,0,0,0,0,0,0,5,0,0,0,0,0,2,0,0,0,0,0,0,0,5,0,0,19,0,1,4
aumn,2020-02,4638,40,0,0,5,0,0,0,0,0,2,0,0,0,0,0,0,0,0,5,0,0,0,0,0,2,0,0,0,0,0,0,0,5,0,0,16,0,1,4
aumn,2021-02,5213,44,0,0,5,0,0,0,0,0,1,0,0,0,0,0,0,0,0,5,1,0,0,1,0,3,0,0,0,0,0,0,0,5,0,1,17,1,1,3
aumn,2022-03,6400,55,0,0,5,0,0,0,0,0,2,3,0,0,0,0,0,0,0,5,1,0,0,1,0,2,0,0,0,0,0,0,0,4,0,3,23,1,2,3
bmix,2013-04,8,0,0,0,0,0,0,0,0,0,0,0,0,0,0,0,0,0,0,0,0,0,0,0,0,0,0,0,0,0,0,0,0,0,0,0,0,0,0,0
bmix,2014-04,1308,2,0,0,0,0,0,0,0,0,0,0,0,0,0,0,0,0,0,0,0,0,0,0,0,0,0,0,0,0,0,0,0,0,0,1,1,0,0,0
bmix,2015-04,1029,1,0,0,0,0,0,0,0,0,0,0,0,0,0,0,0,0,0,0,0,0,0,0,0,0,0,0,0,0,0,0,0,0,0,0,1,0,0,0
bmix,2016-04,1094,2,0,0,0,1,0,0,0,0,0,0,0,0,0,0,0,0,0,0,0,0,0,0,0,0,0,0,0,0,0,0,0,0,0,0,1,0,0,0
bmix,2017-06,989,1,0,0,0,0,0,0,0,0,0,0,0,0,0,0,0,0,0,0,0,0,0,0,0,0,0,0,0,0,0,0,0,0,0,0,1,0,0,0
bmix,2018-04,966,1,0,0,0,0,0,0,0,0,0,0,0,0,0,0,0,0,0,0,0,0,0,0,0,0,0,0,0,0,0,0,0,0,0,0,1,0,0,0
bmix,2019-04,968,1,0,0,0,0,0,0,0,0,0,0,0,0,0,0,0,0,0,0,0,0,0,0,0,0,0,0,0,0,0,0,0,0,0,0,1,0,0,0
bmix,2020-04,968,1,0,0,0,0,0,0,0,0,0,0,0,0,0,0,0,0,0,0,0,0,0,0,0,0,0,0,0,0,0,0,0,0,0,0,1,0,0,0
bmix,2021-03,855,1,0,0,0,0,0,0,0,0,0,0,0,0,0,0,0,0,0,0,0,0,0,0,0,0,0,0,0,0,0,0,0,0,0,0,1,0,0,0
bmix,2022-03,4041,21,0,0,0,0,0,0,0,0,1,0,0,0,0,0,0,0,0,0,0,0,0,1,1,1,0,0,0,0,0,0,0,6,0,1,9,0,0,1
btu,2006-03,3308,30,0,0,0,0,0,0,0,1,0,0,0,0,0,0,0,0,0,0,0,0,0,0,0,1,0,0,0,0,1,0,0,2,0,1,12,2,2,8
btu,2007-02,4274,44,0,0,2,0,0,0,0,1,0,0,0,0,0,0,0,0,0,2,0,0,0,0,0,1,0,0,0,0,0,0,0,2,0,3,15,1,2,15
btu,2008-02,4685,51,0,0,3,0,0,0,0,1,0,0,0,0,0,0,0,0,0,3,0,0,0,0,0,1,0,0,0,0,0,0,0,2,0,3,19,1,1,17
btu,2009-02,4081,44,0,0,2,0,0,0,0,2,0,0,0,0,0,0,0,0,0,2,0,0,0,0,0,1,0,0,0,0,0,0,0,2,0,1,14,1,1,18
btu,2010-02,4000,45,0,0,3,0,0,0,0,2,0,0,0,0,0,0,0,0,0,3,0,0,0,0,0,1,0,0,0,0,0,0,0,2,0,1,12,0,1,20
btu,2011-02,4153,46,0,0,3,0,0,0,0,2,0,0,0,0,0,0,0,0,0,3,0,0,0,0,0,1,0,0,0,0,0,0,0,0,0,1,13,0,1,22
btu,2012-02,4326,49,0,0,2,0,0,0,0,2,1,0,0,0,0,0,0,0,0,2,0,0,0,0,0,1,0,0,0,0,0,0,0,0,0,1,13,0,2,25
btu,2013-02,4602,53,0,0,2,0,0,0,0,2,1,0,0,0,0,0,0,0,0,2,0,0,0,0,0,1,0,0,0,0,0,0,0,0,0,1,15,0,2,27
btu,2014-02,5018,57,0,0,2,0,0,0,0,3,1,1,0,0,0,0,0,0,0,2,0,0,0,0,0,1,0,0,1,0,0,0,0,0,0,1,14,1,2,28
btu,2015-02,5456,62,0,0,3,0,0,0,0,3,1,1,0,0,0,0,0,0,0,3,0,0,0,0,0,1,0,0,1,0,0,0,0,0,0,1,15,1,2,30
btu,2016-03,8333,106,0,0,5,0,0,0,0,1,1,1,0,1,0,0,0,0,0,5,0,0,0,0,0,1,0,0,1,0,0,0,0,0,0,3,33,1,3,50
btu,2017-03,8908,72,0,0,4,0,0,0,0,1,0,2,0,0,1,0,0,0,0,4,0,0,0,0,0,1,0,0,1,0,0,0,0,0,0,2,38,0,2,16
btu,2018-02,6814,46,0,0,3,0,0,0,0,1,1,1,0,0,0,0,0,0,0,3,0,0,0,0,0,1,0,0,1,0,0,0,0,0,0,3,18,0,2,12
btu,2019-02,7770,50,0,0,3,0,0,0,0,1,2,1,0,0,0,0,0,0,0,3,0,0,0,0,0,1,0,0,1,0,0,0,0,0,0,2,20,0,2,14
btu,2020-02,7842,54,0,0,3,0,0,0,0,1,4,1,0,0,0,0,0,0,0,3,0,0,0,0,0,4,0,0,1,0,0,0,0,0,0,1,18,0,4,14
btu,2021-02,6943,61,0,0,5,0,0,0,0,3,3,0,0,0,0,0,0,0,0,5,0,0,0,0,0,1,0,0,1,0,0,0,0,0,0,1,17,1,3,21
btu,2022-02,6843,47,0,0,4,0,0,0,0,1,2,0,0,0,0,0,0,0,0,4,0,0,0,0,0,1,0,0,1,0,0,0,0,0,0,1,12,0,3,18
cde,2006-03,3399,8,0,0,0,1,0,0,0,0,0,0,0,1,0,0,0,0,0,0,0,0,0,0,0,0,0,0,0,0,1,0,0,1,0,0,4,0,0,0
cde,2007-02,3900,7,0,0,0,1,0,0,0,0,0,0,0,1,0,0,0,0,0,0,0,0,0,0,0,0,0,0,0,0,1,0,0,1,0,0,3,0,0,0
cde,2008-02,5567,13,0,1,1,1,0,0,0,0,0,0,0,1,0,0,0,0,0,1,0,0,0,0,0,1,0,0,0,0,1,0,0,1,0,0,4,0,1,0
cde,2009-03,4992,26,0,0,3,1,0,0,0,0,0,0,0,1,0,0,0,0,0,3,0,0,0,0,0,1,0,0,0,0,1,0,0,1,0,0,8,0,1,6
cde,2010-02,4559,13,0,0,1,1,0,0,0,0,0,0,0,1,0,0,0,0,0,1,0,0,0,0,0,2,0,0,0,0,1,0,0,2,0,0,3,0,1,0
cde,2011-03,3365,12,0,0,1,1,0,0,0,1,0,0,0,1,0,0,0,0,0,1,0,0,0,0,0,1,0,0,0,0,0,0,0,5,0,0,1,0,0,0
cde,2012-02,3757,15,0,0,1,1,0,0,0,1,1,0,0,1,0,0,0,0,0,1,0,0,0,0,0,2,0,0,0,0,0,0,0,5,0,0,2,0,0,0
cde,2013-02,4558,26,0,0,1,1,0,0,0,3,1,0,0,1,0,0,0,0,0,1,0,0,0,0,0,2,0,0,0,0,0,0,0,9,0,0,4,1,0,2
cde,2014-02,5299,31,0,0,1,1,0,0,0,2,1,0,0,1,0,0,0,0,0,1,0,0,0,0,0,2,0,0,0,0,0,0,0,9,0,2,5,2,1,3
cde,2015-02,5893,30,0,0,3,0,0,0,0,3,1,0,0,0,0,0,0,0,0,3,0,0,0,0,0,2,0,0,0,0,0,0,0,4,0,2,5,1,1,5
cde,2016-02,6135,30,0,0,2,0,0,0,0,2,1,0,0,0,0,0,0,0,0,2,0,0,0,0,0,2,0,0,0,0,0,0,0,4,0,2,9,1,1,4
cde,2017-02,5911,32,0,0,2,0,0,0,0,2,1,0,0,0,0,0,0,0,0,2,0,0,0,0,0,3,0,0,0,0,0,0,0,4,0,2,10,1,1,4
cde,2018-02,5873,30,0,0,2,0,0,0,0,1,1,0,0,0,0,0,0,0,0,2,0,0,0,0,0,2,0,0,0,0,0,0,0,4,0,2,9,1,1,5
cde,2019-02,6220,27,0,0,2,0,0,0,0,3,1,0,0,0,0,0,0,0,0,2,0,0,0,0,0,2,0,0,0,0,0,0,0,4,0,1,6,0,1,5
cde,2020-02,6894,29,0,0,2,0,0,0,0,4,1,0,0,0,0,0,0,0,0,2,0,0,0,0,0,2,0,0,0,0,0,0,0,4,0,2,7,0,1,4
cde,2021-02,8008,42,0,0,3,0,0,0,0,4,3,0,0,0,0,0,0,0,0,3,0,0,0,0,0,4,0,0,0,0,0,0,0,3,0,3,11,0,2,6
cde,2022-02,7583,37,0,0,3,0,0,0,0,3,3,0,0,0,0,0,0,0,0,3,0,0,0,0,0,4,0,0,0,0,0,0,0,3,0,1,11,0,2,4
ceix,2018-02,12593,116,0,0,9,0,0,0,0,8,12,1,0,0,0,0,0,0,1,9,0,0,1,0,0,9,0,0,1,0,0,0,0,2,0,2,25,1,4,31
ceix,2019-02,10524,82,0,0,6,0,0,0,0,9,9,1,0,0,0,0,0,0,0,6,0,0,0,0,1,2,0,0,1,0,0,0,0,2,0,1,17,1,4,22
ceix,2020-02,10312,81,0,0,3,0,0,0,0,6,10,3,0,0,0,0,0,0,0,3,0,0,0,0,1,2,0,0,1,0,0,0,0,1,0,1,19,1,4,26
ceix,2021-02,9879,74,0,0,1,0,0,0,0,5,10,4,0,0,0,0,0,0,0,1,0,0,0,0,1,1,0,0,1,0,0,0,0,0,0,2,25,1,4,18
ceix,2022-02,11108,75,0,0,1,0,0,0,0,5,10,4,0,0,0,0,0,0,0,1,0,0,0,0,1,2,0,0,1,0,0,0,0,0,0,2,23,2,4,19
cmp,2006-02,3140,52,0,0,3,0,0,0,0,1,2,1,0,0,0,0,0,0,0,3,0,0,0,0,0,4,0,0,0,0,0,0,0,10,0,2,6,0,2,18
cmp,2007-02,3201,48,0,0,3,0,0,0,0,1,3,1,0,0,0,0,0,0,0,3,0,0,0,0,0,1,0,0,0,0,0,0,0,11,0,2,6,0,2,15
cmp,2008-02,3830,50,0,0,3,0,0,0,0,1,3,4,0,0,0,0,0,0,0,3,0,0,0,0,0,1,0,0,0,0,0,0,0,11,0,2,7,0,2,13
cmp,2009-02,4088,59,0,0,3,0,0,0,0,1,3,5,0,0,0,0,0,0,0,3,0,0,0,0,0,1,0,0,0,0,0,0,0,11,0,2,7,0,2,21
cmp,2010-02,4751,60,0,0,3,0,0,0,0,3,3,4,0,0,0,0,0,0,0,3,0,0,0,0,0,3,0,0,0,0,0,0,0,10,0,2,7,0,2,20
cmp,2011-02,4977,62,0,0,3,0,0,0,0,1,3,3,0,0,0,0,0,0,0,3,0,0,0,0,0,2,0,0,0,0,0,0,0,10,0,2,10,2,2,21
cmp,2012-02,5633,67,0,0,3,0,0,0,0,4,3,3,0,0,0,0,0,0,0,3,0,0,0,0,0,1,0,0,0,0,0,0,0,10,0,2,11,2,4,21
cmp,2013-02,6152,74,0,0,3,0,0,0,0,4,4,3,0,0,0,0,0,0,0,3,0,0,0,0,0,1,0,0,0,0,0,0,0,10,0,5,13,2,4,22
cmp,2014-02,5878,70,0,0,3,0,0,0,0,3,5,3,0,0,0,0,0,0,0,3,0,0,0,0,0,1,0,0,0,0,0,0,0,10,0,5,10,3,2,22
cmp,2015-02,5510,65,0,0,3,0,0,0,0,3,4,3,0,0,0,0,0,0,0,3,0,0,0,0,0,1,0,0,0,0,0,0,0,9,0,2,10,3,2,22
cmp,2016-02,5232,60,0,0,3,0,0,0,0,3,4,3,0,0,0,0,0,0,0,3,0,0,1,0,0,1,0,0,0,0,0,0,0,10,0,2,9,4,2,15
cmp,2017-03,6008,47,0,0,2,0,0,0,0,0,5,2,0,0,0,0,0,0,0,2,0,0,0,0,0,4,0,0,0,0,0,0,0,0,0,3,10,3,0,16
cmp,2018-02,6361,48,0,0,2,0,0,0,0,0,5,3,0,0,0,0,0,0,0,2,0,0,0,0,0,4,0,0,0,0,0,0,0,1,0,4,10,1,0,16
cmp,2019-03,6630,52,0,0,2,0,0,0,0,0,5,3,0,0,0,0,0,0,0,2,0,0,0,0,1,4,0,0,0,0,0,0,0,1,0,4,11,1,0,18
cmp,2020-02,6784,52,0,0,2,0,0,0,0,0,5,3,0,0,0,0,0,0,0,2,0,0,0,0,1,3,0,0,0,0,0,0,0,2,0,4,11,1,1,17
cmp,2021-02,7897,60,0,0,3,0,0,0,0,1,5,5,0,0,0,0,0,0,0,3,0,0,0,1,1,3,0,0,0,0,0,0,0,2,0,4,13,1,0,18
fcx,2006-03,2614,17,0,0,0,0,0,0,0,0,1,0,0,0,0,0,0,0,0,0,0,0,0,0,0,0,0,0,0,0,0,0,0,2,0,1,6,0,0,7
fcx,2007-02,4032,19,0,0,0,0,0,0,0,0,1,0,0,0,0,0,0,0,0,0,0,0,0,0,0,2,0,0,1,0,0,0,0,2,0,1,8,0,0,4
fcx,2008-02,5547,51,0,0,8,0,0,0,0,1,1,0,0,0,0,0,0,0,0,8,0,0,0,0,0,0,0,0,0,0,0,0,0,2,0,1,12,0,1,17
fcx,2009-02,6286,55,0,0,7,0,0,0,0,1,2,0,0,0,0,0,0,0,0,7,0,0,0,0,0,0,0,0,0,0,0,0,0,2,0,2,16,2,1,15
fcx,2010-02,7511,61,0,0,6,0,0,0,0,0,2,1,0,0,0,0,0,0,0,6,0,0,0,0,1,1,0,0,0,0,0,0,0,2,0,3,22,3,1,13
fcx,2011-02,7530,49,0,0,5,0,0,0,0,0,2,0,0,0,0,0,0,0,0,5,0,0,0,0,1,0,0,0,0,0,0,0,0,0,0,3,19,4,0,10
fcx,2012-02,7615,53,0,0,7,0,0,0,0,1,2,2,0,0,0,0,0,0,0,7,0,0,0,0,1,2,0,0,0,0,0,0,0,0,0,1,18,6,3,3
fcx,2013-02,7432,61,0,0,10,0,0,0,0,1,2,2,0,0,0,0,0,0,0,10,0,0,0,0,1,12,0,0,0,0,0,0,0,0,0,0,17,1,2,3
fcx,2014-02,8288,58,0,0,8,0,0,0,0,0,5,2,0,0,0,0,0,0,0,8,0,0,0,0,1,3,0,0,0,0,0,0,0,1,0,1,22,1,2,4
fcx,2015-02,6546,61,0,0,9,0,0,0,0,2,5,1,0,0,0,0,0,0,0,9,0,0,0,0,1,3,0,0,0,0,0,0,0,2,0,2,18,1,3,5
fcx,2016-02,7469,62,0,0,4,0,0,0,0,3,5,1,0,0,0,0,0,0,0,4,0,0,0,0,1,3,0,0,0,0,0,0,0,1,0,3,24,0,3,10
fcx,2017-02,6894,62,0,0,5,0,0,0,0,3,7,1,0,0,0,0,0,0,0,5,0,0,0,0,1,4,0,0,0,0,0,0,0,1,0,2,22,1,4,6
fcx,2018-02,7271,72,0,0,4,0,0,0,0,7,8,1,0,0,0,0,0,0,0,4,0,0,0,0,1,7,0,0,0,0,0,0,0,1,0,2,27,1,4,5
fcx,2019-02,8571,76,0,0,6,0,0,0,0,1,10,1,0,0,0,0,0,0,0,6,0,0,0,0,1,13,0,0,0,0,0,0,0,2,0,2,24,2,3,5
fcx,2020-02,8825,72,0,0,6,0,0,0,0,0,9,3,0,0,0,0,0,0,0,6,0,0,1,0,1,3,0,0,0,0,0,0,0,2,0,3,29,1,3,5
fcx,2021-02,12085,85,0,0,7,0,0,0,0,0,13,4,0,0,0,0,0,0,0,7,0,0,1,0,1,6,0,0,0,0,0,0,0,2,1,4,30,2,3,4
fcx,2022-02,10955,84,0,0,4,0,0,0,0,0,9,1,0,2,0,0,0,0,0,4,0,0,1,2,1,2,0,0,1,0,0,0,0,2,2,11,31,3,2,6
gato,2021-03,539,0,0,0,0,0,0,0,0,0,0,0,0,0,0,0,0,0,0,0,0,0,0,0,0,0,0,0,0,0,0,0,0,0,0,0,0,0,0,0
hcc,2018-02,13044,64,0,0,0,0,0,0,0,0,7,1,0,0,0,0,0,0,5,0,0,0,0,2,0,4,0,0,0,0,0,0,0,6,0,9,13,3,5,9
hcc,2019-02,12608,69,0,0,1,0,0,0,0,3,8,1,0,0,0,0,0,0,5,1,0,0,0,2,0,5,0,0,1,0,0,0,0,5,0,9,14,3,5,6
hcc,2020-02,13303,75,0,0,1,0,0,0,0,3,8,1,0,0,0,0,0,0,5,1,0,0,0,2,0,6,0,0,1,0,0,0,0,6,0,12,15,2,5,7
hcc,2021-02,15244,81,0,0,2,0,0,0,0,3,10,1,0,0,0,0,0,0,5,2,0,0,0,0,0,5,0,0,1,0,0,0,0,6,0,12,16,1,5,12
hcc,2022-02,15800,87,0,0,4,0,0,0,0,1,10,1,0,0,1,0,0,0,5,4,0,0,0,0,0,5,0,0,1,0,0,0,0,6,0,11,17,1,4,16
hl,2006-03,2544,24,0,0,0,0,0,0,0,0,2,0,0,0,0,0,0,0,0,0,0,0,0,0,0,1,0,0,0,0,0,0,0,0,0,9,9,0,1,2
hl,2007-03,2404,21,0,0,0,0,0,0,0,0,2,0,0,0,0,0,0,0,0,0,0,0,0,0,0,1,0,0,0,0,0,0,0,0,0,9,7,0,0,2
hl,2008-02,3006,24,0,0,0,0,0,0,0,0,2,0,0,0,0,0,0,0,0,0,0,0,0,0,0,1,0,0,0,0,0,0,0,0,0,14,5,0,0,2
hl,2009-03,5479,78,0,0,0,0,0,0,0,2,5,0,0,1,0,0,0,0,0,0,0,0,0,0,0,1,0,0,0,0,0,0,0,0,0,20,13,0,1,35
hl,2010-02,3713,32,0,0,0,0,0,0,0,1,6,0,0,0,0,0,0,0,0,0,0,0,0,0,0,2,0,0,0,0,0,0,0,0,0,8,11,0,1,3
hl,2011-02,4951,58,0,0,0,0,0,0,0,3,6,0,0,0,0,0,0,0,0,0,0,0,0,0,0,14,0,0,0,0,0,0,0,0,0,14,9,1,7,4
hl,2012-02,6353,39,0,0,0,0,0,0,0,0,6,0,0,0,0,0,0,0,0,0,0,0,0,0,0,2,0,0,0,0,0,0,0,0,0,13,11,3,0,4
hl,2013-02,5393,44,0,0,0,0,0,0,0,0,6,0,0,0,0,0,0,0,1,0,0,0,0,0,0,2,0,0,0,0,0,0,0,0,0,17,11,3,0,4
hl,2014-02,7860,63,0,0,0,0,0,0,0,0,6,0,0,0,0,0,0,0,0,0,0,0,0,0,0,2,0,0,0,0,0,0,0,1,0,17,13,3,0,21
hl,2015-02,6981,56,0,0,0,0,0,0,0,0,6,0,0,0,0,0,0,0,0,0,0,0,0,0,0,2,0,0,0,0,0,0,0,1,0,15,13,1,0,18
hl,2016-02,7169,59,0,0,0,0,0,0,0,0,6,1,0,0,0,0,0,0,0,0,0,0,0,0,0,3,0,0,0,0,0,0,0,2,0,13,11,2,2,19
hl,2017-02,8171,69,0,0,3,0,0,0,0,0,8,1,0,0,0,0,0,0,0,3,0,0,0,0,0,8,0,0,0,0,0,0,0,1,0,12,12,2,1,18
hl,2018-02,8982,69,0,0,3,0,0,0,0,2,7,0,0,0,0,0,0,0,0,3,0,0,0,0,0,10,0,0,0,0,0,0,0,1,0,11,13,2,0,17
hl,2019-02,9761,90,0,0,3,0,0,0,0,0,7,0,0,0,0,0,0,0,0,3,0,0,0,0,0,6,0,0,0,0,0,0,0,14,0,12,14,3,0,28
hl,2020-02,10888,112,0,0,4,0,0,0,0,0,10,0,0,0,0,0,0,0,0,4,0,0,0,0,0,5,0,0,0,0,0,0,0,13,0,20,16,4,0,36
hl,2021-02,10482,103,0,0,4,0,0,0,0,0,12,0,0,0,0,0,0,0,0,4,0,0,0,0,0,5,0,0,1,0,0,0,0,11,0,20,15,3,0,28
hl,2022-02,10737,105,0,0,5,0,0,0,0,0,11,0,0,0,0,0,0,0,0,5,0,0,0,0,0,6,0,0,1,0,0,0,0,11,0,23,14,1,0,28
hnrg,2009-03,9,0,0,0,0,0,0,0,0,0,0,0,0,0,0,0,0,0,0,0,0,0,0,0,0,0,0,0,0,0,0,0,0,0,0,0,0,0,0,0
hnrg,2010-03,9,0,0,0,0,0,0,0,0,0,0,0,0,0,0,0,0,0,0,0,0,0,0,0,0,0,0,0,0,0,0,0,0,0,0,0,0,0,0,0
hnrg,2011-03,9,0,0,0,0,0,0,0,0,0,0,0,0,0,0,0,0,0,0,0,0,0,0,0,0,0,0,0,0,0,0,0,0,0,0,0,0,0,0,0
hnrg,2012-03,9,0,0,0,0,0,0,0,0,0,0,0,0,0,0,0,0,0,0,0,0,0,0,0,0,0,0,0,0,0,0,0,0,0,0,0,0,0,0,0
hnrg,2013-03,9,0,0,0,0,0,0,0,0,0,0,0,0,0,0,0,0,0,0,0,0,0,0,0,0,0,0,0,0,0,0,0,0,0,0,0,0,0,0,0
hnrg,2014-03,9,0,0,0,0,0,0,0,0,0,0,0,0,0,0,0,0,0,0,0,0,0,0,0,0,0,0,0,0,0,0,0,0,0,0,0,0,0,0,0
hnrg,2015-03,10,0,0,0,0,0,0,0,0,0,0,0,0,0,0,0,0,0,0,0,0,0,0,0,0,0,0,0,0,0,0,0,0,0,0,0,0,0,0,0
hnrg,2016-03,4154,35,0,0,0,0,0,0,0,1,6,1,0,0,0,0,0,0,0,0,0,0,0,0,0,5,0,0,0,0,0,0,0,0,0,0,9,1,0,12
hnrg,2017-03,4321,35,0,0,0,0,0,0,0,1,6,1,0,0,0,0,0,0,0,0,0,0,0,0,0,5,0,0,0,0,0,0,0,0,0,0,11,1,0,10
hnrg,2018-03,4491,34,0,0,0,0,0,0,0,1,5,1,0,0,0,0,0,0,0,0,0,0,0,0,0,6,0,0,0,0,0,0,0,0,0,0,11,1,0,9
hnrg,2019-03,4706,34,0,0,0,0,0,0,0,2,5,1,0,0,0,0,0,0,0,0,0,0,0,0,0,6,0,0,0,0,0,0,0,0,0,0,11,1,0,8
hnrg,2020-03,2848,23,0,0,0,0,0,0,0,0,4,1,0,0,0,0,0,0,0,0,0,0,0,0,0,3,0,0,1,0,0,0,0,0,0,0,9,1,0,4
hnrg,2021-03,5283,51,0,0,3,0,0,0,0,2,4,3,0,0,0,0,0,0,0,3,0,0,0,0,0,3,0,0,1,0,0,0,0,1,0,0,23,1,0,7
hnrg,2022-03,5974,56,0,0,4,0,0,0,0,2,5,3,0,0,0,0,0,0,0,4,0,0,0,0,0,3,0,0,1,0,0,0,0,1,0,0,25,1,0,7
hymc,2019-03,13777,92,0,0,2,0,0,0,0,16,6,0,0,1,0,0,0,0,0,2,0,0,0,1,3,12,0,0,0,0,1,0,0,16,0,0,17,2,13,0
hymc,2020-03,14265,96,0,0,2,0,0,0,0,20,6,0,0,1,0,0,0,0,0,2,0,0,0,1,3,13,0,0,0,0,1,0,0,16,0,1,15,2,13,0
hymc,2021-03,8364,55,0,0,3,0,0,0,0,0,5,1,0,1,0,0,0,0,0,3,0,0,0,0,0,8,0,0,0,0,1,0,0,1,0,2,14,0,1,15
hymc,2022-03,8635,57,0,0,1,0,0,0,0,0,4,0,0,1,0,0,0,0,0,1,0,0,0,0,0,8,0,0,0,0,0,0,0,1,0,4,19,2,1,15
lode,2009-04,2302,6,0,0,0,0,0,0,0,0,0,0,0,0,0,0,0,0,0,0,0,0,0,0,0,1,0,0,0,0,0,0,0,0,0,0,5,0,0,0
lode,2010-04,2472,9,0,0,0,0,0,0,0,0,0,0,0,0,0,0,0,0,0,0,0,0,0,0,0,1,0,0,0,0,0,0,0,0,0,0,8,0,0,0
lode,2011-04,2872,7,0,0,0,0,0,0,0,1,0,0,0,0,0,0,0,0,0,0,0,0,0,0,0,4,0,0,0,0,0,0,0,0,0,0,2,0,0,0
lode,2012-03,3371,9,0,0,1,0,0,0,0,0,0,0,0,0,0,0,0,0,0,1,0,0,0,0,0,3,0,0,0,0,0,0,0,0,0,0,4,0,0,0
lode,2013-03,3282,7,0,0,0,0,0,0,0,0,0,0,0,0,0,0,0,0,0,0,0,0,0,0,0,3,0,0,0,0,0,0,0,0,0,0,4,0,0,0
lode,2014-03,3618,8,0,0,0,0,0,0,0,0,0,0,0,0,0,0,0,0,0,0,0,0,0,0,0,3,0,0,0,0,1,0,0,0,0,0,4,0,0,0
lode,2015-01,4396,15,0,0,1,0,0,0,0,0,1,1,0,0,0,0,0,0,0,1,0,0,0,0,0,3,0,0,0,0,1,0,0,0,0,0,7,0,0,0
lode,2016-01,5191,19,0,0,1,0,0,0,0,0,1,1,0,0,0,0,0,0,0,1,0,0,0,0,0,3,0,0,0,0,1,0,0,0,0,1,8,0,0,2
lode,2017-03,5001,17,0,0,1,0,0,0,0,0,1,1,0,0,0,0,0,0,0,1,0,0,0,0,0,3,0,0,0,0,1,0,0,0,0,1,8,0,0,0
lode,2018-02,5053,18,0,0,1,0,0,0,0,0,1,1,0,0,0,0,0,0,0,1,0,0,0,0,0,3,0,0,0,0,1,0,0,0,0,1,9,0,0,0
lode,2019-02,5198,18,0,0,1,0,0,0,0,0,1,1,0,0,0,0,0,0,0,1,0,0,0,0,0,3,0,0,0,0,1,0,0,0,0,1,9,0,0,0
lode,2020-03,5992,20,0,0,1,0,0,0,0,0,1,1,0,0,0,0,0,0,0,1,0,0,0,0,0,3,0,0,0,0,1,0,0,0,0,1,10,0,1,0
lode,2021-03,7561,36,0,0,2,0,0,0,0,0,2,1,0,0,0,0,0,0,0,2,0,0,0,1,0,5,0,0,0,0,1,0,0,0,0,1,18,0,2,1
lode,2022-03,11503,67,0,0,4,0,0,0,0,0,3,2,0,1,0,0,0,0,0,4,0,0,0,1,0,6,0,0,1,0,0,0,0,0,0,1,31,0,4,9
mux,2008-03,2731,16,0,0,0,0,0,0,0,0,2,1,0,0,0,0,0,0,0,0,0,0,0,0,0,4,0,0,0,0,0,0,0,1,0,0,8,0,0,0
mux,2009-03,3406,17,0,0,0,0,0,0,0,0,3,1,0,0,0,0,0,0,0,0,0,0,0,0,0,4,0,0,0,0,0,0,0,2,0,0,7,0,0,0
mux,2010-03,3935,21,0,0,1,0,0,0,0,0,3,1,0,0,0,0,0,0,0,1,0,0,0,0,0,4,0,0,0,0,0,0,0,2,0,0,8,0,0,1
mux,2011-03,4128,20,0,0,1,0,0,0,0,0,2,1,0,0,0,0,0,0,0,1,0,0,0,1,0,4,0,0,0,0,0,0,0,1,0,0,8,0,0,1
mux,2012-03,4861,20,0,0,0,0,0,0,0,0,2,1,0,0,0,0,0,0,0,0,0,0,0,1,0,4,0,0,0,0,0,0,0,1,0,1,8,1,0,1
mux,2013-03,5250,18,0,0,0,0,0,0,0,0,2,1,0,0,0,0,0,0,0,0,0,0,0,1,0,4,0,0,0,0,0,0,0,2,0,0,7,0,0,1
mux,2014-03,5968,24,0,0,1,0,0,0,0,0,2,1,0,0,0,0,0,0,0,1,0,0,0,1,1,5,0,0,0,0,0,0,0,0,0,0,10,0,0,2
mux,2015-03,6290,30,0,0,1,0,0,0,0,0,2,1,0,0,2,0,0,0,0,1,0,0,0,1,0,4,0,0,0,0,0,0,0,0,0,0,17,0,0,1
mux,2016-03,5524,29,0,0,2,0,0,0,0,0,2,1,0,0,0,0,0,0,0,2,0,0,0,1,0,4,0,0,0,0,0,0,0,0,0,0,15,0,1,1
mux,2017-03,5331,36,0,0,2,0,0,0,0,0,2,1,0,0,0,0,0,0,0,2,0,0,0,1,0,5,0,0,0,0,0,0,0,0,0,0,19,0,1,3
mux,2018-02,5050,31,0,0,2,0,0,0,0,0,3,1,0,0,0,0,0,0,0,2,0,0,0,0,0,4,0,0,0,0,0,0,0,0,0,2,15,0,1,1
mux,2019-02,5801,35,0,0,2,0,0,0,0,0,3,1,0,0,0,0,0,0,0,2,0,0,0,0,0,4,0,0,0,0,0,0,0,3,0,1,15,0,1,3
mux,2020-03,6030,30,0,0,2,0,0,0,0,0,3,1,0,0,0,0,0,0,0,2,0,0,0,0,0,3,0,0,0,0,0,0,0,3,0,1,13,0,1,1
mux,2021-03,6414,37,0,0,2,0,0,0,0,0,4,1,0,0,0,0,0,0,0,2,0,0,0,0,0,3,0,0,0,0,0,0,0,3,0,1,19,0,1,1
mux,2022-03,7107,43,0,0,2,0,0,0,0,1,6,1,0,0,0,0,0,0,0,2,0,0,0,0,0,3,0,0,0,0,0,0,0,3,0,1,22,0,1,1
nc,2006-03,3618,16,0,0,0,0,0,0,0,1,1,0,0,0,0,0,0,0,0,0,0,0,0,0,0,2,0,0,1,0,0,0,0,0,0,0,10,0,0,1
nc,2007-02,3759,16,0,0,1,0,0,0,0,1,1,0,0,0,0,0,0,0,0,1,0,0,0,0,0,2,0,0,1,0,0,0,0,0,0,0,8,0,0,1
nc,2008-02,3793,18,0,0,1,0,0,0,0,1,3,0,0,0,0,0,0,0,0,1,0,0,0,0,0,2,0,0,1,0,0,0,0,0,0,0,8,0,0,1
nc,2009-03,4218,25,0,0,1,0,0,0,0,2,1,0,0,0,0,0,0,0,0,1,0,0,0,0,0,2,0,0,1,0,0,0,0,0,0,0,11,0,0,6
nc,2010-03,4779,32,0,0,1,0,0,0,0,4,1,0,0,1,0,0,0,0,0,1,0,0,0,0,0,1,0,0,1,0,0,0,0,0,0,0,15,0,0,7
nc,2011-03,4946,28,0,0,2,0,0,0,0,2,1,0,0,0,0,0,0,0,1,2,0,0,0,0,0,6,0,0,1,0,0,0,0,0,0,0,12,0,0,1
nc,2012-02,4856,22,0,0,2,0,0,0,0,2,1,0,0,0,0,0,0,0,0,2,0,0,0,0,0,2,0,0,1,0,0,0,0,0,0,0,11,0,0,1
nc,2013-03,3956,14,0,0,2,0,0,0,0,2,1,0,0,0,0,0,0,0,0,2,0,0,0,0,0,1,0,0,0,0,0,0,0,0,0,0,6,0,0,0
nc,2014-03,3939,12,0,0,2,0,0,0,0,2,1,0,0,0,0,0,0,0,0,2,0,0,0,0,0,1,0,0,0,0,0,0,0,0,0,0,4,0,0,0
nc,2015-03,3374,11,0,0,3,0,0,0,0,1,0,0,0,0,0,0,0,0,0,3,0,0,0,0,0,1,0,0,0,0,0,0,0,0,0,2,1,0,0,0
nc,2016-03,4102,20,0,0,3,0,0,0,0,2,5,0,0,0,0,0,0,0,0,3,0,0,0,0,0,1,0,0,0,0,0,0,0,0,0,2,3,0,0,1
nc,2017-03,4096,24,0,0,3,0,0,0,0,6,5,0,0,0,0,0,0,0,0,3,0,0,0,0,0,1,0,0,0,0,0,0,0,0,0,2,3,0,0,1
nc,2018-03,2317,13,0,0,1,0,0,0,0,3,5,0,0,0,0,0,0,0,0,1,0,0,0,0,0,1,0,0,0,0,0,0,0,0,0,2,0,0,0,0
nc,2019-03,2888,17,0,0,1,0,0,0,0,3,5,0,0,0,0,0,0,0,0,1,0,0,0,0,0,1,0,0,0,0,0,0,0,0,0,2,4,0,0,0
nc,2020-03,4462,27,0,0,1,0,0,0,0,3,6,0,0,0,0,0,0,0,0,1,0,0,0,0,0,3,0,0,0,0,0,0,0,0,0,3,7,0,1,2
nc,2021-03,5903,44,0,1,3,0,0,0,0,4,8,0,0,0,0,0,0,0,0,3,0,0,0,0,1,1,0,0,0,0,0,0,0,0,0,4,11,0,1,7
nc,2022-03,6410,46,0,1,2,0,0,0,0,4,8,1,0,0,0,0,0,0,0,2,0,0,0,0,1,0,0,0,0,0,0,0,0,0,0,3,12,0,1,11
nem,2006-03,2984,23,0,0,2,0,0,0,0,1,1,0,0,0,0,0,0,0,0,2,0,0,0,0,0,0,0,0,0,0,0,0,0,1,0,8,6,2,0,0
nem,2007-02,4036,26,0,0,2,0,0,0,0,1,1,0,0,0,0,0,0,0,1,2,0,0,0,0,0,0,0,0,0,0,0,0,0,1,0,9,7,2,0,0
nem,2008-02,2683,24,0,0,1,0,0,0,0,4,1,2,0,0,0,0,0,0,1,1,0,0,0,0,0,0,0,0,0,0,0,0,0,0,0,7,5,2,0,0
nem,2009-02,3351,29,0,0,1,0,0,0,0,4,1,2,0,0,0,0,0,0,1,1,0,0,0,0,0,0,0,0,0,0,0,0,0,0,0,9,6,1,0,3
nem,2010-02,4573,32,0,0,0,0,0,0,0,5,2,0,0,0,0,0,0,0,0,0,0,0,0,0,0,1,0,0,0,0,0,0,0,0,0,10,10,1,0,3
nem,2011-02,4948,36,0,0,2,0,0,0,0,4,2,0,0,0,0,0,0,0,0,2,0,0,0,0,0,1,0,0,0,0,0,0,0,0,0,9,11,2,0,3
nem,2012-02,5810,54,0,0,7,0,0,0,0,4,2,0,0,0,0,0,0,0,0,7,0,0,0,0,0,0,0,0,0,0,0,0,0,0,0,11,17,3,0,3
nem,2013-02,6198,58,0,0,8,0,0,0,0,4,2,0,0,0,0,0,0,0,0,8,0,0,0,0,0,0,0,0,0,0,0,0,0,0,0,11,19,3,0,3
nem,2014-02,6451,64,0,0,8,0,0,0,0,5,3,0,0,0,0,0,0,0,0,8,0,0,0,0,0,0,0,0,0,0,0,0,0,0,0,11,21,4,0,4
nem,2015-02,6636,68,0,0,7,0,0,0,0,10,3,0,0,0,0,0,0,0,0,7,0,0,0,0,0,2,0,0,0,0,0,0,0,0,0,10,20,4,1,4
nem,2016-02,7893,68,0,0,7,0,0,0,0,7,5,1,0,0,0,0,0,0,0,7,0,0,0,0,1,1,0,0,0,0,0,0,0,0,0,9,19,4,1,6
nem,2017-02,7016,52,0,0,5,0,0,0,0,1,4,2,0,0,0,0,0,0,0,5,0,0,1,0,1,2,0,0,0,0,0,0,0,0,0,10,13,2,0,6
nem,2018-02,6791,54,0,0,5,0,0,0,0,1,5,1,0,0,0,0,0,0,0,5,0,0,0,0,0,5,0,0,0,0,0,0,0,0,0,11,14,2,0,5
nem,2019-02,10281,111,0,0,9,0,0,0,0,5,6,0,0,1,0,0,0,0,0,9,0,0,0,0,0,44,0,0,0,0,0,0,0,1,0,12,17,2,0,5
nem,2020-02,10818,72,0,0,5,0,0,0,0,4,5,0,0,1,0,0,0,0,0,5,0,0,0,0,0,3,0,0,0,0,0,0,0,1,0,18,19,5,0,6
nem,2021-02,12940,95,0,0,7,0,0,0,0,4,7,3,0,1,0,0,0,0,0,7,0,0,0,0,0,8,0,0,0,0,0,0,0,1,3,20,22,5,1,6
nem,2022-02,13810,114,0,0,11,0,0,0,0,3,10,3,0,0,0,0,0,0,0,11,0,0,0,0,0,7,0,0,0,0,0,0,0,1,3,24,27,6,1,7
pll,2021-09,5161,39,1,0,1,0,0,0,0,2,2,0,0,0,0,0,0,0,0,1,0,0,0,2,1,2,0,0,0,0,0,0,0,9,0,0,10,1,3,4
rgld,2006-09,1853,11,0,0,0,0,0,0,0,1,0,1,0,0,0,0,0,0,0,0,0,0,0,0,0,1,0,0,0,0,0,0,0,0,0,1,7,0,0,0
rgld,2007-08,2138,9,0,0,0,0,0,0,0,0,0,1,0,0,0,0,0,0,0,0,0,0,0,0,0,1,0,0,0,0,0,0,0,0,0,1,6,0,0,0
rgld,2008-08,2853,10,0,0,0,0,0,0,0,0,0,1,0,0,0,0,0,0,0,0,0,0,0,0,0,1,0,0,0,0,0,0,0,0,0,1,6,1,0,0
rgld,2009-08,4105,21,0,0,0,0,0,0,0,1,1,1,0,0,0,0,0,0,0,0,0,0,0,0,0,2,0,0,2,0,0,0,0,0,0,3,7,1,0,3
rgld,2010-08,3862,19,0,0,0,0,0,0,0,1,0,1,0,0,0,0,0,0,0,0,0,0,0,0,0,5,0,0,1,0,0,0,0,0,0,1,7,0,0,3
rgld,2011-08,3438,11,0,0,0,0,0,0,0,0,0,0,0,0,0,0,0,0,0,0,0,0,0,0,0,2,0,0,1,0,0,0,0,0,0,1,5,0,0,2
rgld,2012-08,5474,23,0,0,0,0,0,0,0,0,0,0,0,0,0,0,0,0,0,0,0,0,0,0,0,1,0,0,1,0,0,0,0,1,0,1,10,0,0,9
rgld,2013-08,5793,21,0,0,0,0,0,0,0,0,1,0,0,0,0,0,0,0,0,0,0,0,0,0,0,1,0,0,1,0,0,0,0,0,0,1,8,0,0,9
rgld,2014-08,6057,24,0,0,0,0,0,0,0,0,1,0,0,0,0,0,0,0,0,0,0,0,0,0,0,3,0,0,1,0,0,0,0,0,0,1,9,0,0,9
rgld,2015-08,6427,24,0,0,0,0,0,0,0,0,1,0,0,0,0,0,0,0,0,0,0,0,0,0,0,2,0,0,1,0,0,0,0,0,0,1,9,0,1,9
rgld,2016-08,5964,26,0,0,0,0,0,0,0,0,0,0,0,0,0,0,0,0,0,0,0,0,0,0,1,6,0,0,1,0,0,0,0,0,0,1,8,0,1,8
rgld,2017-08,6263,20,0,0,0,0,0,0,0,0,0,0,0,0,0,0,0,0,0,0,0,0,0,0,1,2,0,0,1,0,0,0,0,0,0,1,6,0,1,8
rgld,2018-08,6081,20,0,0,0,0,0,0,0,0,0,0,0,0,0,0,0,0,0,0,0,0,0,0,1,1,0,0,1,0,0,0,0,0,0,2,6,0,1,8
rgld,2019-08,5453,20,0,0,0,0,0,0,0,0,0,0,0,0,0,0,0,0,0,0,0,0,0,0,1,1,0,0,1,0,0,0,0,0,0,2,7,0,1,7
rgld,2020-08,2870,22,0,0,1,0,0,0,0,0,0,0,0,0,0,0,0,0,0,1,0,0,0,0,2,3,0,0,0,0,0,0,0,0,0,1,8,0,1,5
rgld,2021-08,3312,26,0,0,1,0,0,0,0,0,0,0,0,0,0,0,0,0,0,1,0,0,0,2,2,3,0,0,0,0,0,0,0,0,0,1,11,0,0,5
scco,2006-03,4410,46,0,0,0,0,0,0,0,1,0,1,0,0,0,0,0,0,0,0,0,0,0,0,0,0,0,0,1,0,0,0,0,20,0,6,10,4,1,2
scco,2007-03,4654,36,0,0,0,0,0,0,0,1,1,1,0,0,0,0,0,0,0,0,0,0,0,0,0,0,0,0,0,0,0,0,0,17,0,3,7,3,1,2
scco,2008-02,4271,36,0,0,2,0,0,0,0,0,1,1,0,0,0,0,0,0,1,2,0,0,0,0,0,0,0,0,0,0,0,0,0,16,0,3,7,0,0,3
scco,2009-03,4258,48,1,0,2,0,0,0,0,0,1,1,0,0,0,0,0,0,1,2,0,0,0,0,0,0,0,0,0,0,0,0,0,15,0,4,13,1,0,7
scco,2010-02,4148,44,0,0,3,0,0,0,0,1,1,1,0,0,0,0,0,0,0,3,0,0,0,0,0,0,0,0,0,0,0,0,0,17,0,2,10,2,0,4
scco,2011-03,4738,49,0,0,4,0,0,0,0,1,1,0,0,1,0,0,0,0,1,4,0,0,0,0,1,5,0,0,0,0,0,0,0,16,0,2,9,1,0,3
scco,2012-02,4722,43,0,0,3,0,0,0,0,0,1,0,0,0,0,0,0,0,0,3,0,0,0,0,1,2,0,0,0,0,0,0,0,17,0,2,9,2,0,3
scco,2013-02,4714,44,0,0,4,0,0,0,0,0,1,0,0,0,0,0,0,0,0,4,0,0,0,0,1,0,0,0,0,0,0,0,0,17,0,1,10,3,0,3
scco,2014-02,3869,39,0,0,3,0,0,0,0,0,1,0,0,0,0,0,0,0,0,3,0,0,0,0,1,0,0,0,0,0,0,0,0,17,0,2,8,1,0,3
scco,2015-03,4612,42,0,0,3,0,0,0,0,0,1,0,0,0,0,0,0,0,0,3,0,0,0,0,0,0,0,0,0,0,0,0,0,18,0,3,10,1,0,3
scco,2016-02,4611,42,0,0,3,0,0,0,0,0,1,0,0,0,0,0,0,0,0,3,0,0,0,0,0,0,0,0,0,0,0,0,0,19,0,4,8,1,0,3
scco,2017-03,4041,30,0,0,0,0,0,0,0,0,1,0,0,0,0,0,0,0,0,0,0,0,0,0,0,0,0,0,0,0,0,0,0,16,0,3,6,1,0,3
scco,2018-03,3989,30,0,0,0,0,0,0,0,0,1,0,0,0,0,0,0,0,0,0,0,0,0,0,0,0,0,0,0,0,0,0,0,15,0,3,6,1,0,4
scco,2019-03,4256,39,0,0,0,0,0,0,0,0,1,0,0,0,0,0,0,0,0,0,0,0,0,0,0,2,0,0,0,0,0,0,0,17,0,6,8,2,0,3
scco,2020-02,4343,42,0,0,0,0,0,0,0,1,1,0,0,0,0,0,0,0,0,0,0,0,0,0,0,2,0,0,0,0,0,0,0,17,0,6,10,2,0,3
scco,2021-02,4629,42,0,0,0,0,0,0,0,1,1,0,0,0,0,0,0,0,0,0,0,0,0,0,0,2,0,0,0,0,0,0,0,17,0,8,8,2,0,3
scco,2022-03,5027,44,0,0,0,0,0,0,0,1,2,0,0,0,0,0,0,0,0,0,0,0,0,0,0,2,0,0,0,0,0,0,0,17,0,9,7,3,0,3
slca,2012-03,8941,54,0,0,3,0,0,0,0,1,3,2,0,0,0,0,0,0,0,3,0,0,0,0,0,5,0,0,0,0,0,0,0,0,0,4,24,0,0,9
slca,2013-02,8848,52,0,0,3,0,0,0,0,0,5,2,0,0,0,0,0,0,0,3,0,0,0,0,0,5,0,0,0,0,0,0,0,0,0,3,21,0,0,10
slca,2014-02,8209,50,0,0,3,0,0,0,0,0,3,2,0,0,0,0,0,0,0,3,0,0,0,0,0,6,0,0,0,0,0,0,0,0,0,3,20,0,0,10
slca,2015-02,7828,54,0,0,3,0,0,0,0,0,3,2,0,0,0,0,0,0,0,3,0,0,0,0,0,7,0,0,1,0,0,0,0,0,0,3,21,0,0,11
slca,2016-02,7939,55,0,0,2,0,0,0,0,0,3,2,0,0,0,0,0,0,0,2,0,0,0,0,0,9,0,0,1,0,0,0,0,0,0,3,22,0,0,11
slca,2017-02,8243,52,1,0,2,0,0,0,0,0,4,2,0,0,0,0,0,0,0,2,0,0,0,0,0,4,0,0,1,0,0,0,0,0,0,3,22,0,0,11
slca,2018-02,8469,52,1,0,2,0,0,0,0,0,5,2,0,0,0,0,0,0,0,2,0,0,0,0,0,4,0,0,1,0,0,0,0,0,0,2,22,0,0,11
slca,2019-02,10039,64,1,0,2,0,0,0,0,0,4,3,0,0,0,0,0,0,0,2,0,0,0,0,1,5,0,0,1,0,0,0,0,0,0,2,22,0,0,21
slca,2020-02,6773,48,1,0,2,0,0,0,0,0,3,1,0,0,0,0,0,0,0,2,0,0,0,0,1,4,0,0,0,0,0,0,0,0,0,1,21,0,0,12
slca,2021-02,7424,54,1,0,2,0,0,0,0,0,4,1,0,0,0,0,0,0,0,2,0,0,0,1,1,4,0,0,0,0,0,0,0,0,0,1,25,0,0,12
slca,2022-02,7474,53,1,0,2,0,0,0,0,0,4,1,0,0,0,0,0,0,0,2,0,0,0,1,1,4,0,0,0,0,0,0,0,0,0,1,24,0,0,12
uec,2008-10,3005,10,0,0,0,0,0,0,0,0,0,0,0,0,0,0,0,0,0,0,0,0,0,0,0,0,0,0,0,0,0,0,0,0,0,0,10,0,0,0
uec,2009-10,2803,10,0,0,0,0,0,0,0,0,0,0,0,0,0,0,0,0,0,0,0,0,0,0,0,0,0,0,0,0,0,0,0,0,0,0,10,0,0,0
uec,2010-10,2897,11,0,0,0,0,0,0,0,0,0,0,0,0,0,0,0,0,0,0,0,0,0,0,0,0,0,0,0,0,0,0,0,0,0,0,11,0,0,0
uec,2011-10,2604,19,0,0,1,0,0,0,0,0,0,2,0,0,0,0,0,0,0,1,0,0,0,0,0,0,0,0,0,0,0,0,0,0,0,0,15,0,0,0
uec,2012-10,3427,21,0,0,1,0,0,0,0,0,0,2,0,0,0,0,0,0,0,1,0,0,0,0,0,0,0,0,0,0,0,0,0,1,0,0,15,0,1,0
uec,2013-10,4398,37,0,0,1,0,0,0,0,0,0,2,0,0,0,0,0,0,0,1,0,0,0,0,0,0,0,0,0,0,0,0,0,0,0,0,26,0,1,6
uec,2014-10,4433,44,0,0,2,0,0,0,0,0,0,4,0,0,0,0,0,0,0,2,0,0,0,0,0,0,0,0,0,0,0,0,0,0,0,0,27,0,1,8
uec,2015-10,4750,47,0,0,2,0,0,0,0,0,0,4,0,0,0,0,0,0,0,2,0,0,0,0,0,0,0,0,0,0,0,0,0,0,0,0,30,0,1,8
uec,2016-10,4784,44,0,0,2,0,0,0,0,0,0,4,0,0,0,0,0,0,0,2,0,0,0,0,0,0,0,0,0,0,0,0,0,0,0,0,30,0,1,5
uec,2017-10,5256,45,0,0,2,0,0,0,0,0,0,4,0,0,0,0,0,0,0,2,0,0,0,0,0,0,0,0,0,0,0,0,0,0,0,0,30,0,1,6
uec,2018-10,5378,48,0,0,2,0,0,0,0,0,1,4,0,0,0,0,0,0,0,2,0,0,0,0,0,0,0,0,0,0,0,0,0,0,0,0,31,0,1,7
uec,2019-10,5522,50,0,0,2,0,0,0,0,1,1,4,0,0,0,0,0,0,0,2,0,0,0,0,0,0,0,0,0,0,0,0,0,0,0,0,30,0,1,9
uec,2020-10,5323,47,0,0,2,0,0,0,0,0,0,4,0,0,0,0,0,0,0,2,0,0,0,0,0,0,0,0,0,0,0,0,0,0,0,0,30,0,1,8
uec,2021-10,6042,57,0,0,2,0,0,0,0,0,2,4,0,0,0,0,0,0,0,2,0,0,0,0,1,0,0,0,0,0,0,0,0,0,0,0,33,0,3,10
usau,2006-07,850,4,0,0,0,0,0,0,0,0,0,0,0,0,0,0,0,0,0,0,0,0,0,0,0,0,0,0,0,0,0,0,0,0,0,0,4,0,0,0
usau,2007-07,843,4,0,0,0,0,0,0,0,0,0,0,0,0,0,0,0,0,0,0,0,0,0,0,0,0,0,0,0,0,0,0,0,0,0,0,4,0,0,0
usau,2008-07,783,3,0,0,0,0,0,0,0,0,0,0,0,0,0,0,0,0,0,0,0,0,0,0,0,0,0,0,0,0,0,0,0,0,0,0,3,0,0,0
usau,2009-07,852,2,0,0,0,0,0,0,0,0,0,0,0,0,0,0,0,0,0,0,0,0,0,0,0,0,0,0,0,0,0,0,0,0,0,0,2,0,0,0
usau,2010-07,939,6,0,0,0,0,0,0,0,0,0,0,0,0,0,0,0,0,0,0,0,0,0,0,0,0,0,0,0,0,0,0,0,0,0,0,6,0,0,0
usau,2011-07,958,6,0,0,0,0,0,0,0,0,0,0,0,0,0,0,0,0,0,0,0,0,0,0,0,0,0,0,0,0,0,0,0,0,0,0,6,0,0,0
usau,2012-07,2715,30,0,0,2,0,0,0,0,0,0,0,0,0,0,0,0,0,0,2,0,0,0,0,0,0,0,0,0,0,0,0,0,2,0,0,17,0,0,7
usau,2013-07,3182,30,0,0,3,0,0,0,0,0,0,0,0,0,0,0,0,0,0,3,0,0,0,0,0,0,0,0,0,0,0,0,0,1,0,0,16,0,0,7
usau,2014-07,3376,32,0,0,3,0,0,0,0,2,0,0,0,0,0,0,0,0,0,3,0,0,0,0,0,0,0,0,0,0,0,0,0,1,0,0,16,0,0,7
usau,2015-08,3402,28,0,0,3,0,0,0,0,0,0,0,0,0,0,0,0,0,0,3,0,0,0,0,0,0,0,0,0,0,0,0,0,1,0,0,18,0,0,3
usau,2016-07,3503,35,0,0,4,0,0,0,0,0,0,0,0,0,0,0,0,0,0,4,0,0,0,0,0,0,0,0,0,0,0,0,0,1,0,0,23,0,0,3
usau,2017-07,4417,29,0,0,2,0,0,0,0,0,0,0,0,0,0,0,0,0,0,2,0,0,0,0,0,4,0,0,0,0,0,0,0,1,0,0,16,0,1,3
usau,2018-07,5582,31,0,0,1,0,0,0,0,0,2,0,0,0,0,0,0,0,0,1,0,0,1,0,0,5,0,0,0,0,0,0,0,1,0,0,16,0,4,0
usau,2019-07,6457,34,0,0,1,0,0,0,0,0,1,0,0,0,0,0,0,0,0,1,0,0,1,0,0,9,0,0,0,0,0,0,0,1,0,0,16,0,4,0
usau,2020-07,7234,44,1,0,1,0,0,0,0,0,1,0,0,0,0,0,0,0,0,1,0,0,1,1,0,9,0,0,0,0,0,0,0,1,0,1,22,0,4,1
usau,2021-07,7276,45,1,0,1,0,0,0,0,0,1,1,0,0,0,0,0,0,0,1,0,0,1,3,0,9,0,0,0,0,0,0,0,1,0,1,20,0,4,1
usau,2022-08,5022,24,0,0,1,0,0,0,0,0,0,0,0,0,0,0,0,0,0,1,0,0,1,1,0,1,0,0,0,0,0,0,0,1,0,1,14,0,3,0
uuuu,2016-03,8388,56,0,0,2,0,0,0,0,2,5,0,0,0,0,0,0,0,0,2,0,0,0,0,0,14,0,0,0,0,0,0,0,1,0,3,20,1,3,3
uuuu,2017-03,7616,52,0,0,2,0,0,0,0,2,5,0,0,0,0,0,0,0,0,2,0,0,0,0,0,10,0,0,0,0,0,0,0,1,0,3,20,1,3,3
uuuu,2018-03,8346,56,0,0,2,0,0,0,0,2,5,0,0,0,0,0,0,0,0,2,0,0,0,0,0,13,0,0,0,0,0,0,0,1,0,3,19,1,3,5
uuuu,2019-03,8330,56,0,0,3,0,0,0,0,1,3,0,0,0,0,0,0,0,0,3,0,0,0,0,0,12,0,0,0,0,0,0,0,1,0,3,21,1,3,5
uuuu,2020-03,8885,53,0,0,4,0,0,0,0,1,3,0,0,0,0,0,0,0,0,4,0,0,0,0,0,7,0,0,0,0,0,0,0,1,0,4,20,1,3,5
uuuu,2021-03,9868,75,0,0,9,0,0,0,0,1,5,0,0,0,0,0,0,0,0,9,0,0,0,0,2,13,0,0,0,0,0,0,0,2,0,5,21,1,3,4
uuuu,2022-03,10929,81,0,0,9,0,0,0,0,1,6,0,0,0,0,0,0,0,0,9,0,0,0,0,2,14,0,0,0,0,0,0,0,2,1,5,24,1,3,4
vgz,2006-03,2769,8,0,0,0,0,0,0,0,0,0,0,0,0,0,0,0,0,0,0,0,0,0,0,0,6,0,0,0,0,0,0,0,1,0,0,1,0,0,0
vgz,2007-03,3775,11,0,0,0,0,0,0,0,0,0,0,0,0,0,0,0,0,0,0,0,0,0,0,0,6,0,0,0,0,0,0,0,2,0,0,1,0,0,2
vgz,2008-03,4492,17,0,0,0,0,0,0,0,0,0,0,0,1,0,0,0,0,0,0,0,0,0,0,0,7,0,0,0,0,0,0,0,5,0,1,1,0,0,2
vgz,2009-03,4598,31,0,0,0,0,0,0,0,2,0,0,0,0,0,0,0,0,0,0,0,0,0,0,0,5,0,0,0,0,0,0,0,3,0,5,3,0,0,13
vgz,2010-03,6335,49,0,0,0,0,0,0,0,4,0,0,0,0,0,0,0,0,0,0,0,0,0,0,0,5,0,0,0,0,0,0,0,7,0,5,14,0,1,13
vgz,2011-03,5669,33,0,0,0,0,0,0,0,2,0,0,0,0,0,0,0,0,0,0,0,0,0,0,0,7,0,0,0,0,0,0,0,6,0,2,15,0,1,0
vgz,2012-03,6278,31,0,0,0,0,0,0,0,2,0,0,0,0,0,0,0,0,0,0,0,0,0,0,0,5,0,0,0,0,0,0,0,6,0,2,15,0,1,0
vgz,2013-03,1898,8,0,0,0,0,0,0,0,0,2,0,0,0,0,0,0,0,0,0,0,0,0,0,0,1,0,0,0,0,0,0,0,3,0,0,2,0,0,0
vgz,2014-03,1909,10,0,0,0,0,0,0,0,1,3,0,0,0,0,0,0,0,0,0,0,0,0,0,0,1,0,0,0,0,0,0,0,3,0,0,2,0,0,0
vgz,2015-03,2205,10,0,0,0,0,0,0,0,0,2,0,0,0,0,0,0,0,0,0,0,0,0,0,0,1,0,0,0,0,0,0,0,3,0,0,4,0,0,0
vgz,2016-02,2347,11,0,0,0,0,0,0,0,0,2,0,0,0,0,0,0,0,0,0,0,0,0,0,0,1,0,0,0,0,0,0,0,3,1,0,4,0,0,0
vgz,2017-02,2390,12,0,0,0,0,0,0,0,0,2,0,0,0,0,0,0,0,0,0,0,0,0,0,0,1,0,0,0,0,0,0,0,3,1,0,5,0,0,0
vgz,2018-03,2421,12,0,0,0,0,0,0,0,0,2,0,0,0,0,0,0,0,0,0,0,0,0,0,0,1,0,0,0,0,0,0,0,3,1,0,5,0,0,0
vgz,2019-02,2581,12,0,0,0,0,0,0,0,0,2,0,0,0,0,0,0,0,0,0,0,0,0,0,0,1,0,0,0,0,0,0,0,3,1,0,5,0,0,0
vgz,2020-02,3378,20,0,0,1,0,0,0,0,0,2,0,0,0,0,0,0,0,0,1,0,0,0,0,0,1,0,0,0,0,0,0,0,4,1,0,8,0,0,2
vgz,2021-02,3529,23,0,0,1,0,0,0,0,0,3,0,0,0,0,0,0,0,0,1,0,0,0,0,0,1,0,0,0,0,0,0,0,4,1,0,12,0,0,0
vgz,2022-02,3409,22,0,0,1,0,0,0,0,0,3,0,0,0,0,0,0,0,0,1,0,0,0,0,0,1,0,0,0,0,0,0,0,4,1,0,11,0,0,0
xpl,2006-03,2286,10,0,0,0,1,0,0,0,0,2,0,0,0,0,0,0,0,0,0,0,0,0,0,0,1,0,0,0,0,0,0,0,0,0,2,4,0,0,0
xpl,2007-02,2340,7,0,0,0,1,0,0,0,0,1,0,0,0,0,0,0,0,0,0,0,0,0,0,0,1,0,0,0,0,0,0,0,0,0,1,3,0,0,0
xpl,2008-03,2488,7,0,0,0,1,0,0,0,0,1,0,0,0,0,0,0,0,0,0,0,0,0,0,0,2,0,0,0,0,0,0,0,0,0,1,2,0,0,0
xpl,2009-03,2816,8,0,0,0,1,0,0,0,1,1,0,0,0,0,0,0,0,0,0,0,0,0,0,0,2,0,0,0,0,0,0,0,0,0,1,2,0,0,0
xpl,2010-02,2826,8,0,0,0,1,0,0,0,1,1,0,0,0,0,0,0,0,0,0,0,0,0,0,0,2,0,0,0,0,0,0,0,0,0,1,2,0,0,0
xpl,2011-03,2994,9,0,0,0,1,0,0,0,2,1,0,0,0,0,0,0,0,0,0,0,0,0,0,0,2,0,0,0,0,0,0,0,0,0,1,2,0,0,0
xpl,2012-03,3513,10,0,0,0,1,0,0,0,3,1,0,0,0,0,0,0,0,0,0,0,0,0,0,0,2,0,0,0,0,0,0,0,1,0,0,2,0,0,0
xpl,2013-03,3597,12,0,0,0,1,0,0,0,3,2,0,0,0,0,0,0,0,0,0,0,0,0,0,0,1,0,0,0,0,0,0,0,1,0,0,3,0,0,1
xpl,2014-03,3686,16,0,0,0,1,0,0,0,2,2,0,0,0,0,0,0,0,0,0,0,0,0,0,0,1,0,0,0,0,0,0,0,1,0,0,4,0,0,5
xpl,2015-03,3645,11,0,0,0,1,0,0,0,2,1,0,0,0,0,0,0,0,0,0,0,0,0,0,0,1,0,0,0,0,0,0,0,1,0,0,5,0,0,0
xpl,2016-03,2765,8,0,0,0,1,0,0,0,1,1,0,0,0,0,0,0,0,0,0,0,0,0,0,0,1,0,0,0,0,0,0,0,1,0,0,3,0,0,0
xpl,2017-03,2903,8,0,0,0,1,0,0,0,1,1,0,0,0,0,0,0,0,0,0,0,0,0,0,0,1,0,0,0,0,0,0,0,1,0,0,3,0,0,0
xpl,2018-03,3298,11,0,0,0,1,0,0,0,1,3,0,0,0,0,0,0,0,0,0,0,0,0,0,0,1,0,0,0,0,0,0,0,1,0,0,4,0,0,0
xpl,2019-03,2978,9,0,0,0,1,0,0,0,1,1,0,0,0,0,0,0,0,0,0,0,0,0,0,0,2,0,0,0,0,0,0,0,1,0,0,3,0,0,0
xpl,2020-03,2941,9,0,0,0,1,0,0,0,1,1,0,0,0,0,0,0,0,0,0,0,0,0,0,0,2,0,0,0,0,0,0,0,1,0,0,3,0,0,0
xpl,2021-03,3537,13,0,0,0,1,0,0,0,1,1,0,0,0,0,0,0,0,0,0,0,0,0,2,0,2,0,0,0,0,0,0,0,1,0,1,4,0,0,0
xpl,2022-03,3971,14,0,0,0,1,0,0,0,1,1,0,0,0,0,0,0,0,0,0,0,0,0,2,0,2,0,0,0,0,0,0,0,1,0,1,5,0,0,0
